"349210670","KROSNO","1985","01","01",-5.4,"",-7.1,"",-6.1,"",-7.6,"",.5,"","S",5,"",.0,"8",.0,"8",.0,"9",12.0,"",.0,"9",.0,"9",.0,"9",22.0,"",.0,"9",.0,"9",.0,"9",.0,"9",.0,"9",.0,"9",.0,"9",.0,"9",.0,"9",.0,"9",1,"",0,"","",0,"8",0,"8",0,"8"
"349210670","KROSNO","1985","01","02",-5.7,"",-7.8,"",-6.5,"",-10.5,"",.4,"","S",6,"",.0,"8",.0,"8",.0,"9",17.5,"",.0,"9",.0,"9",.0,"9",24.0,"",.0,"9",.0,"9",.0,"9",.0,"9",.0,"9",.0,"9",.0,"9",.0,"9",.0,"9",.0,"9",1,"",0,"","",0,"8",0,"8",0,"8"
"349210670","KROSNO","1985","01","03",-6.6,"",-10.0,"",-8.0,"",-10.1,"",.2,"","S",7,"",.0,"8",.0,"8",.0,"9",12.2,"",.0,"9",.0,"9",.0,"9",24.0,"",.0,"9",.0,"9",2.8,"",.0,"9",.0,"9",.0,"9",.0,"9",.0,"9",.0,"9",.0,"9",1,"",0,"","",0,"8",0,"8",0,"8"
"349210670","KROSNO","1985","01","04",-6.6,"",-9.2,"",-8.7,"",-10.4,"",.4,"","S",8,"",.0,"8",.0,"8",.0,"9",8.8,"",.0,"9",.0,"9",3.5,"",20.5,"",.0,"9",.0,"9",.0,"9",.0,"9",.0,"9",.0,"9",.0,"9",.0,"9",.0,"9",.0,"9",1,"",0,"","",0,"8",0,"8",0,"8"
"349210670","KROSNO","1985","01","05",-9.0,"",-13.5,"",-11.5,"",-18.2,"",.9,"","S",8,"",2.5,"",.0,"8",.0,"9",14.5,"",.0,"9",.0,"9",.0,"9",24.0,"",.0,"9",.0,"9",2.5,"",.0,"9",.0,"9",.0,"9",.0,"9",.0,"9",.0,"9",.0,"9",1,"",0,"","",0,"8",0,"8",0,"8"
"349210670","KROSNO","1985","01","06",-12.2,"",-16.1,"",-14.7,"",-21.9,"",.0,"","",8,"",.0,"8",.0,"8",.0,"9",7.2,"",.0,"9",.0,"9",.0,"9",24.0,"",.0,"9",.0,"9",11.3,"",.0,"9",.0,"9",.5,"",.0,"9",.0,"9",.0,"9",.0,"9",1,"",0,"","",0,"8",0,"8",0,"8"
"349210670","KROSNO","1985","01","07",-15.8,"",-20.9,"",-18.8,"",-26.1,"",.4,"","S",8,"",.0,"8",.0,"8",.0,"9",10.1,"",.0,"9",.0,"9",11.4,"",12.6,"",.0,"9",.0,"9",.0,"9",.0,"9",.0,"9",.0,"9",.0,"9",.0,"9",.0,"9",.0,"9",1,"",0,"","",0,"8",0,"8",0,"8"
"349210670","KROSNO","1985","01","08",-13.3,"",-20.8,"",-17.3,"",-26.0,"",.0,"9","",9,"",.0,"8",.0,"8",.0,"9",5.5,"",.0,"9",.0,"9",1.9,"",22.1,"",4.3,"",.0,"9",.0,"9",.0,"9",.0,"9",.0,"9",.0,"9",.0,"9",.0,"9",.0,"9",1,"",0,"","",0,"8",0,"8",0,"8"
"349210670","KROSNO","1985","01","09",-15.1,"",-24.0,"",-19.8,"",-27.9,"",.0,"","",9,"",.0,"8",.0,"8",.0,"9",.0,"9",.0,"9",.0,"9",4.1,"",19.9,"",.0,"9",.0,"9",.0,"9",.0,"9",.0,"9",.0,"9",.0,"9",.0,"9",.0,"9",.0,"9",1,"",0,"","",0,"8",0,"8",0,"8"
"349210670","KROSNO","1985","01","10",-15.3,"",-20.9,"",-17.7,"",-21.7,"",.1,"","S",9,"",2.0,"",.0,"8",.0,"9",2.0,"",.0,"9",.0,"9",21.3,"",2.8,"",21.3,"",.0,"9",.0,"9",.0,"9",.0,"9",.0,"9",.0,"9",.0,"9",.0,"9",.0,"9",1,"",0,"","",0,"8",0,"8",0,"8"
"349210670","KROSNO","1985","01","11",-7.9,"",-19.4,"",-12.4,"",-21.1,"",1.9,"","S",9,"",.0,"8",.0,"8",.0,"9",19.3,"",.0,"9",.0,"9",12.2,"",11.8,"",13.3,"",.0,"9",8.7,"",.0,"9",.0,"9",.0,"9",.0,"9",.0,"9",.0,"9",.0,"9",1,"",0,"","",0,"8",0,"8",0,"8"
"349210670","KROSNO","1985","01","12",-7.4,"",-13.9,"",-11.8,"",-13.4,"",.3,"","S",15,"",1.5,"",.0,"8",.0,"9",10.9,"",.0,"9",.0,"9",1.8,"",17.8,"",.0,"9",.0,"9",10.2,"",.0,"9",4.5,"",.0,"9",.0,"9",.0,"9",.0,"9",.0,"9",1,"",0,"","",0,"8",0,"8",0,"8"
"349210670","KROSNO","1985","01","13",-9.1,"",-13.4,"",-11.5,"",-16.7,"",.0,"","",15,"",.0,"8",.0,"8",.0,"9",1.8,"",.0,"9",.0,"9",.0,"9",21.8,"",.0,"9",.0,"9",8.8,"",.0,"9",.0,"9",.0,"9",.0,"9",.0,"9",.0,"9",.0,"9",1,"",0,"","",0,"8",0,"8",0,"8"
"349210670","KROSNO","1985","01","14",-6.8,"",-15.0,"",-12.4,"",-18.4,"",.0,"9","",15,"",.0,"8",.0,"8",.0,"9",.0,"9",.0,"9",.0,"9",.0,"9",11.9,"",.0,"9",.0,"9",.0,"9",.0,"9",.0,"9",.0,"9",.0,"9",.0,"9",.0,"9",.0,"9",1,"",0,"","",0,"8",0,"8",0,"8"
"349210670","KROSNO","1985","01","15",-5.5,"",-16.4,"",-11.8,"",-16.7,"",.0,"9","",15,"",1.1,"",.0,"8",.0,"9",.0,"9",.0,"9",.0,"9",.0,"9",7.5,"",.0,"9",.0,"9",.0,"9",.0,"9",.0,"9",.0,"9",.0,"9",.0,"9",.0,"9",.0,"9",1,"",0,"","",0,"8",0,"8",0,"8"
"349210670","KROSNO","1985","01","16",-6.9,"",-18.2,"",-13.0,"",-21.7,"",.0,"9","",15,"",.0,"8",.0,"8",.0,"9",.0,"9",.0,"9",.0,"9",.0,"9",12.0,"",.0,"9",.0,"9",.0,"9",.0,"9",12.0,"",.0,"9",.0,"9",.0,"9",.0,"9",.0,"9",1,"",0,"","",0,"8",0,"8",0,"8"
"349210670","KROSNO","1985","01","17",-5.6,"",-16.5,"",-11.8,"",-18.4,"",.0,"9","",15,"",.0,"8",.0,"8",.0,"9",.0,"9",.0,"9",.0,"9",.0,"9",11.3,"",.0,"9",.0,"9",.0,"9",.0,"9",12.7,"",.0,"9",.0,"9",.0,"9",.0,"9",.0,"9",1,"",0,"","",0,"8",0,"8",0,"8"
"349210670","KROSNO","1985","01","18",-3.3,"",-15.1,"",-8.8,"",-19.0,"",.0,"9","",15,"",.0,"8",.0,"8",.0,"9",.0,"9",.0,"9",.0,"9",.0,"9",5.5,"",.0,"9",.0,"9",.0,"9",.0,"9",.0,"9",.0,"9",.0,"9",.0,"9",.0,"9",.0,"9",1,"",0,"","",0,"8",0,"8",0,"8"
"349210670","KROSNO","1985","01","19",-4.8,"",-9.0,"",-7.6,"",-10.4,"",.0,"9","",15,"",.0,"8",.0,"8",.0,"9",.0,"9",.0,"9",.0,"9",.0,"9",9.5,"",.0,"9",.0,"9",.0,"9",.0,"9",9.0,"",.0,"9",.0,"9",.0,"9",.0,"9",.0,"9",1,"",0,"","",0,"8",0,"8",0,"8"
"349210670","KROSNO","1985","01","20",-8.1,"",-14.1,"",-10.9,"",-20.1,"",.0,"9","",15,"",1.1,"",.0,"8",.0,"9",.0,"9",.0,"9",.0,"9",.0,"9",24.0,"",.0,"9",.0,"9",.0,"9",.0,"9",.0,"9",.0,"9",.0,"9",.0,"9",.0,"9",.0,"9",1,"",0,"","",0,"8",0,"8",0,"8"
"349210670","KROSNO","1985","01","21",-3.6,"",-14.3,"",-7.9,"",-15.6,"",.0,"","",15,"",.0,"8",.0,"8",.0,"9",1.5,"",.0,"9",.0,"9",.0,"9",24.0,"",.0,"9",.0,"9",.0,"9",.0,"9",.0,"9",.8,"",.0,"9",.0,"9",.0,"9",.0,"9",1,"",0,"","",0,"8",0,"8",0,"8"
"349210670","KROSNO","1985","01","22",1.5,"",-4.0,"",-.2,"",-5.5,"",.0,"9","",15,"",.0,"8",.0,"8",.0,"9",.0,"9",.0,"9",.0,"9",.0,"9",20.2,"",.0,"9",.0,"9",.0,"9",.0,"9",.0,"9",5.0,"",.0,"9",.0,"9",.0,"9",.0,"9",1,"",0,"","",0,"8",0,"8",0,"8"
"349210670","KROSNO","1985","01","23",3.5,"",1.0,"",2.5,"",.1,"",4.1,"","",10,"",.0,"8",.0,"8",9.2,"",.0,"9",.0,"9",.0,"9",.0,"9",24.0,"",.0,"9",.0,"9",.0,"9",.0,"9",.0,"9",.0,"9",.0,"9",.0,"9",.0,"9",.0,"9",1,"",0,"","",0,"8",0,"8",0,"8"
"349210670","KROSNO","1985","01","24",5.2,"",-2.2,"",1.3,"",-3.2,"",5.8,"","S",0,"9",.0,"9",.0,"8",5.2,"",4.5,"",2.5,"",.0,"9",.0,"9",20.0,"",.0,"9",.0,"9",.0,"9",.0,"9",.0,"9",.0,"9",.0,"9",.0,"9",.0,"9",.0,"9",0,"",0,"","",0,"8",0,"8",0,"8"
"349210670","KROSNO","1985","01","25",-.1,"",-5.2,"",-2.2,"",-9.2,"",.0,"9","",6,"",.8,"",.0,"8",.0,"9",.0,"9",.0,"9",.0,"9",.0,"9",1.5,"",.0,"9",.0,"9",12.9,"",.0,"9",.0,"9",10.6,"",.0,"9",.0,"9",.0,"9",.0,"9",1,"",0,"","",0,"8",0,"8",0,"8"
"349210670","KROSNO","1985","01","26",2.0,"",-2.9,"",-.3,"",-3.7,"",.1,"","",4,"",.0,"9",.0,"8",2.1,"",.0,"9",.0,"9",.0,"9",.0,"9",.0,"9",.0,"9",.0,"9",16.3,"",.0,"9",.0,"9",20.5,"",.0,"9",.0,"9",.0,"9",.0,"9",1,"",0,"","",0,"8",0,"8",0,"8"
"349210670","KROSNO","1985","01","27",3.8,"",.6,"",2.1,"",.7,"",.3,"","S",0,"9",.0,"9",.0,"8",3.3,"",2.6,"",.7,"",.0,"9",.0,"9",4.5,"",.0,"9",.0,"9",4.2,"",.0,"9",.0,"9",2.5,"",.0,"9",.0,"9",.0,"9",.0,"9",0,"",0,"","",0,"8",0,"8",0,"8"
"349210670","KROSNO","1985","01","28",.7,"",-5.0,"",-3.4,"",-6.5,"",.1,"","S",0,"9",.0,"9",.0,"8",.0,"9",5.2,"",.0,"9",.0,"9",.0,"9",.0,"9",.0,"9",.0,"9",9.2,"",.0,"9",.0,"9",.0,"9",.0,"9",.0,"9",.0,"9",.0,"9",0,"",0,"","",0,"8",0,"8",0,"8"
"349210670","KROSNO","1985","01","29",2.5,"",-9.2,"",-3.6,"",-10.0,"",.0,"9","",0,"9",.0,"9",.0,"8",.0,"9",.0,"9",.0,"9",.0,"9",.0,"9",.0,"9",.0,"9",.0,"9",.0,"9",.0,"9",.0,"9",.0,"9",.0,"9",.0,"9",.0,"9",.0,"9",0,"",0,"","",0,"8",0,"8",0,"8"
"349210670","KROSNO","1985","01","30",.0,"",-3.0,"",-1.0,"",-4.3,"",1.1,"","S",0,"9",.0,"9",.0,"8",.0,"9",5.3,"",.0,"9",.0,"9",.0,"9",8.2,"",.0,"9",.0,"9",4.9,"",.0,"9",.0,"9",10.6,"",.0,"9",.0,"9",.0,"9",.0,"9",0,"",0,"","",0,"8",0,"8",0,"8"
"349210670","KROSNO","1985","01","31",2.8,"",-2.1,"",.4,"",-2.1,"",1.8,"","S",1,"",.0,"9",.0,"8",.0,"9",2.3,"",.0,"9",.0,"9",.0,"9",11.5,"",.0,"9",.0,"9",1.4,"",.0,"9",.0,"9",4.2,"",.0,"9",.0,"9",.0,"9",.0,"9",1,"",0,"","",0,"8",0,"8",0,"8"
"349210670","KROSNO","1985","02","01",3.5,"",-2.5,"",.5,"",-2.5,"",3.2,"","S",4,"",.0,"9",.0,"8",3.3,"",8.3,"",1.1,"",.0,"9",.0,"9",11.7,"",.0,"9",.0,"9",3.6,"",.0,"9",.0,"9",.8,"",.0,"9",.0,"9",.0,"9",.0,"9",1,"",0,"","",0,"8",0,"8",0,"8"
"349210670","KROSNO","1985","02","02",4.7,"",.0,"",2.8,"",.1,"",4.0,"","S",0,"9",.0,"9",.0,"8",12.5,"",.0,"9",.8,"",.0,"9",.0,"9",5.5,"",.0,"9",.0,"9",.0,"9",.0,"9",.0,"9",14.9,"",.0,"9",.0,"9",.0,"9",.0,"9",0,"",0,"","",0,"8",0,"8",0,"8"
"349210670","KROSNO","1985","02","03",3.3,"",-8.5,"",-3.6,"",-7.9,"",1.0,"","S",0,"9",.0,"9",.0,"8",1.0,"",11.4,"",.9,"",.0,"9",.0,"9",.0,"9",.0,"9",.0,"9",14.8,"",2.5,"",.0,"9",24.0,"",.0,"9",.0,"9",.0,"9",.0,"9",0,"",0,"","",0,"8",0,"8",0,"8"
"349210670","KROSNO","1985","02","04",-6.5,"",-9.2,"",-7.8,"",-9.5,"",.4,"","S",2,"",.0,"9",.0,"8",.0,"9",13.6,"",.0,"9",.0,"9",.0,"9",12.2,"",.0,"9",.0,"9",24.0,"",.0,"9",.0,"9",10.8,"",.0,"9",.0,"9",.0,"9",.0,"9",1,"",0,"","",0,"8",0,"8",0,"8"
"349210670","KROSNO","1985","02","05",-3.8,"",-7.6,"",-5.8,"",-7.9,"",4.3,"","S",3,"",.0,"9",.0,"8",.0,"9",17.9,"",.0,"9",.0,"9",.0,"9",17.0,"",.0,"9",.0,"9",1.4,"",.0,"9",.0,"9",.0,"9",.0,"9",.0,"9",.0,"9",.0,"9",1,"",0,"","",0,"8",0,"8",0,"8"
"349210670","KROSNO","1985","02","06",-2.2,"",-5.8,"",-3.6,"",-6.4,"",6.7,"","S",5,"",.0,"8",.0,"8",2.8,"",14.5,"",.0,"9",.0,"9",1.6,"",22.4,"",.0,"9",8.7,"",2.7,"",.0,"9",.0,"9",.0,"9",.0,"9",.0,"9",.0,"9",.0,"9",1,"",0,"","",0,"8",0,"8",0,"8"
"349210670","KROSNO","1985","02","07",-.5,"",-10.4,"",-7.0,"",-13.0,"",1.3,"","S",23,"",1.0,"",.0,"8",.0,"9",21.0,"",.0,"9",.0,"9",.0,"9",24.0,"",.0,"9",.0,"9",10.7,"",4.0,"",.0,"9",5.1,"",.0,"9",.0,"9",.0,"9",.0,"9",1,"",0,"","",0,"8",0,"8",0,"8"
"349210670","KROSNO","1985","02","08",-9.5,"",-13.9,"",-12.4,"",-15.4,"",.0,"","",24,"",.0,"8",.0,"8",.0,"9",10.7,"",.0,"9",.0,"9",.0,"9",17.0,"",.0,"9",.0,"9",.0,"9",.0,"9",.0,"9",.0,"9",.0,"9",.0,"9",.0,"9",.0,"9",1,"",0,"","",0,"8",0,"8",0,"8"
"349210670","KROSNO","1985","02","09",-6.4,"",-15.5,"",-10.4,"",-17.9,"",2.9,"","S",24,"",.0,"8",.0,"8",.0,"9",9.7,"",.0,"9",.0,"9",.0,"9",11.0,"",.0,"9",.0,"9",.0,"9",.0,"9",.0,"9",.0,"9",.0,"9",.0,"9",.0,"9",.0,"9",1,"",0,"","",0,"8",0,"8",0,"8"
"349210670","KROSNO","1985","02","10",-8.7,"",-15.4,"",-12.6,"",-16.1,"",.9,"","S",28,"",1.6,"",.0,"8",.0,"9",21.5,"",.0,"9",.0,"9",.0,"9",24.0,"",.0,"9",.0,"9",.0,"9",.0,"9",.0,"9",.0,"9",.0,"9",.0,"9",.0,"9",.0,"9",1,"",0,"","",0,"8",0,"8",0,"8"
"349210670","KROSNO","1985","02","11",-15.2,"",-22.4,"",-21.0,"",-22.1,"",.0,"","",30,"",.0,"8",.0,"8",.0,"9",5.0,"",.0,"9",.0,"9",.0,"9",24.0,"",11.7,"",.0,"9",.0,"9",.0,"9",.0,"9",.0,"9",.0,"9",.0,"9",.0,"9",.0,"9",1,"",0,"","",0,"8",0,"8",0,"8"
"349210670","KROSNO","1985","02","12",-17.3,"",-25.5,"",-22.0,"",-26.7,"",.0,"9","",30,"",.0,"8",.0,"8",.0,"9",.0,"9",.0,"9",.0,"9",.0,"9",24.0,"",6.0,"",.0,"9",.0,"9",.0,"9",.0,"9",.0,"9",.0,"9",.0,"9",.0,"9",.0,"9",1,"",0,"","",0,"8",0,"8",0,"8"
"349210670","KROSNO","1985","02","13",-13.0,"",-23.0,"",-17.9,"",-23.9,"",.0,"9","",30,"",.0,"8",.0,"8",.0,"9",.0,"9",.0,"9",.0,"9",2.7,"",21.3,"",10.3,"",.0,"9",.0,"9",.0,"9",.0,"9",.0,"9",.0,"9",.0,"9",.0,"9",.0,"9",1,"",0,"","",0,"8",0,"8",0,"8"
"349210670","KROSNO","1985","02","14",-5.0,"",-18.6,"",-12.2,"",-22.2,"",.0,"","",30,"",.0,"8",.0,"8",.0,"9",1.1,"",.0,"9",.0,"9",.0,"9",14.3,"",7.1,"",.0,"9",4.3,"",.0,"9",.7,"",2.8,"",.0,"9",.0,"9",.0,"9",.0,"9",1,"",0,"","",0,"8",0,"8",0,"8"
"349210670","KROSNO","1985","02","15",-7.1,"",-11.1,"",-9.7,"",-12.9,"",.1,"","S",28,"",2.2,"",.0,"8",.0,"9",6.2,"",.0,"9",.0,"9",.0,"9",16.0,"",.0,"9",.0,"9",9.4,"",.0,"9",.0,"9",.0,"9",.0,"9",.0,"9",.0,"9",.0,"9",1,"",0,"","",0,"8",0,"8",0,"8"
"349210670","KROSNO","1985","02","16",-9.5,"",-12.9,"",-11.1,"",-15.9,"",.4,"","S",28,"",.0,"8",.0,"8",.0,"9",19.2,"",.0,"9",.0,"9",.0,"9",20.3,"",.0,"9",.0,"9",16.3,"",.0,"9",.0,"9",8.8,"",.0,"9",.0,"9",.0,"9",.0,"9",1,"",0,"","",0,"8",0,"8",0,"8"
"349210670","KROSNO","1985","02","17",-9.6,"",-14.6,"",-11.7,"",-17.5,"",1.0,"","S",14,"",2.6,"",.0,"8",.0,"9",15.8,"",.0,"9",.0,"9",.0,"9",15.3,"",.0,"9",.0,"9",5.8,"",.0,"9",.0,"9",.0,"9",.0,"9",.0,"9",.0,"9",.0,"9",1,"",0,"","",0,"8",0,"8",0,"8"
"349210670","KROSNO","1985","02","18",-10.2,"",-19.6,"",-14.8,"",-19.9,"",1.1,"","S",15,"",.0,"8",.0,"8",.0,"9",16.2,"",.0,"9",.0,"9",.0,"9",24.0,"",.0,"9",.0,"9",4.1,"",.0,"9",.0,"9",.0,"9",.0,"9",.0,"9",.0,"9",.0,"9",1,"",0,"","",0,"8",0,"8",0,"8"
"349210670","KROSNO","1985","02","19",-11.2,"",-17.3,"",-13.7,"",-17.4,"",.3,"","S",17,"",.0,"8",.0,"8",.0,"9",14.7,"",.0,"9",.0,"9",.0,"9",9.5,"",.0,"9",.0,"9",8.8,"",.0,"9",.0,"9",.0,"9",.0,"9",.0,"9",.0,"9",.0,"9",1,"",0,"","",0,"8",0,"8",0,"8"
"349210670","KROSNO","1985","02","20",-8.0,"",-14.9,"",-11.2,"",-17.9,"",.7,"","S",18,"",2.9,"",.0,"8",.0,"9",21.0,"",.0,"9",.0,"9",3.3,"",18.0,"",.0,"9",.0,"9",4.4,"",.0,"9",.0,"9",.0,"9",.0,"9",.0,"9",.0,"9",.0,"9",1,"",0,"","",0,"8",0,"8",0,"8"
"349210670","KROSNO","1985","02","21",-4.0,"",-10.1,"",-7.5,"",-11.5,"",.0,"","",18,"",.0,"8",.0,"8",.0,"9",4.5,"",.0,"9",.0,"9",.0,"9",9.7,"",.0,"9",.0,"9",3.8,"",.0,"9",2.0,"",.0,"9",.0,"9",.0,"9",.0,"9",.0,"9",1,"",0,"","",0,"8",0,"8",0,"8"
"349210670","KROSNO","1985","02","22",-6.5,"",-9.2,"",-8.1,"",-10.1,"",.8,"","S",17,"",.0,"8",.0,"8",.0,"9",18.2,"",.0,"9",.0,"9",.0,"9",17.0,"",.0,"9",.0,"9",3.1,"",.0,"9",.0,"9",.0,"9",.0,"9",.0,"9",.0,"9",.0,"9",1,"",0,"","",0,"8",0,"8",0,"8"
"349210670","KROSNO","1985","02","23",-7.1,"",-11.4,"",-10.5,"",-20.4,"",1.8,"","S",19,"",.0,"8",.0,"8",.0,"9",9.8,"",.0,"9",.0,"9",.0,"9",18.2,"",.0,"9",.0,"9",.0,"9",.0,"9",.0,"9",.0,"9",.0,"9",.0,"9",.0,"9",.0,"9",1,"",0,"","",0,"8",0,"8",0,"8"
"349210670","KROSNO","1985","02","24",-4.8,"",-14.1,"",-7.8,"",-19.7,"",1.0,"","S",20,"",.0,"8",.0,"8",.0,"9",10.0,"",.0,"9",.0,"9",.0,"9",22.8,"",.0,"9",.0,"9",.0,"9",.0,"9",.0,"9",.0,"9",.0,"9",.0,"9",.0,"9",.0,"9",1,"",0,"","",0,"8",0,"8",0,"8"
"349210670","KROSNO","1985","02","25",.6,"",-5.3,"",-2.3,"",-5.3,"",2.7,"","S",22,"",2.0,"",.0,"8",10.5,"",2.0,"",.0,"9",.0,"9",2.5,"",16.3,"",.0,"9",17.8,"",.0,"9",.0,"9",.0,"9",.0,"9",.0,"9",.0,"9",.0,"9",.0,"9",1,"",0,"","",0,"8",0,"8",0,"8"
"349210670","KROSNO","1985","02","26",.4,"",-5.5,"",-4.1,"",-6.5,"",.1,"","S",19,"",.0,"8",.0,"8",.0,"9",1.7,"",.0,"9",.0,"9",.0,"9",16.7,"",.0,"9",24.0,"",.0,"9",.0,"9",.0,"9",.0,"9",.0,"9",.0,"9",.0,"9",.0,"9",1,"",0,"","",0,"8",0,"8",0,"8"
"349210670","KROSNO","1985","02","27",-2.0,"",-14.2,"",-7.7,"",-18.2,"",.0,"9","",16,"",.0,"8",.0,"8",.0,"9",.0,"9",.0,"9",.0,"9",1.5,"",8.8,"",4.7,"",3.8,"",.0,"9",.0,"9",.0,"9",.0,"9",.0,"9",.0,"9",.0,"9",.0,"9",1,"",0,"","",0,"8",0,"8",0,"8"
"349210670","KROSNO","1985","02","28",.0,"",-11.4,"",-5.2,"",-12.9,"",.0,"9","",15,"",3.0,"",.0,"8",.0,"9",.0,"9",.0,"9",.0,"9",.0,"9",.0,"9",.0,"9",.0,"9",.0,"9",.0,"9",9.0,"",.0,"9",.0,"9",.0,"9",.0,"9",.0,"9",1,"",0,"","",0,"8",0,"8",0,"8"
"349210670","KROSNO","1985","03","01",-.8,"",-5.2,"",-2.9,"",-6.9,"",.0,"9","",14,"",.0,"8",.0,"8",.0,"9",.0,"9",.0,"9",.0,"9",.0,"9",13.7,"",.0,"9",.0,"9",.0,"9",.0,"9",6.0,"",.0,"9",.0,"9",.0,"9",.0,"9",.0,"9",1,"",0,"","",0,"8",0,"8",0,"8"
"349210670","KROSNO","1985","03","02",1.1,"",-3.0,"",-.9,"",-5.4,"",.0,"9","",14,"",.0,"8",.0,"8",.0,"9",.0,"9",.0,"9",.0,"9",.0,"9",21.8,"",.0,"9",.0,"9",.0,"9",.0,"9",.0,"9",.0,"9",.0,"9",.0,"9",.0,"9",.0,"9",1,"",0,"","",0,"8",0,"8",0,"8"
"349210670","KROSNO","1985","03","03",5.4,"",.2,"",2.9,"",-1.0,"",2.0,"","S",13,"",.0,"8",.0,"8",2.1,"",.0,"9",.0,"9",.0,"9",.0,"9",3.8,"",.0,"9",.0,"9",.0,"9",.0,"9",.0,"9",.0,"9",.0,"9",.0,"9",.0,"9",.0,"9",1,"",0,"","",0,"8",0,"8",0,"8"
"349210670","KROSNO","1985","03","04",4.1,"",.0,"",1.6,"",-.1,"",.1,"","S",8,"",2.9,"",.0,"8",3.0,"",1.7,"",1.7,"",.0,"9",3.9,"",19.8,"",.0,"9",.0,"9",.0,"9",.0,"9",.0,"9",.0,"9",.0,"9",.0,"9",.0,"9",.0,"9",1,"",0,"","",0,"8",0,"8",0,"8"
"349210670","KROSNO","1985","03","05",6.1,"",.6,"",3.6,"",.4,"",.0,"9","",0,"9",.0,"9",.0,"8",.0,"9",.0,"9",.0,"9",.0,"9",.0,"9",12.7,"",.0,"9",.0,"9",.0,"9",.0,"9",.0,"9",.0,"9",.0,"9",.0,"9",.0,"9",.0,"9",0,"",0,"","",0,"8",0,"8",0,"8"
"349210670","KROSNO","1985","03","06",11.1,"",3.1,"",6.7,"",1.0,"",.0,"9","",0,"9",.0,"9",.0,"8",.0,"9",.0,"9",.0,"9",.0,"9",.0,"9",.0,"9",.0,"9",.0,"9",.0,"9",.0,"9",.0,"9",.0,"9",.0,"9",.0,"9",.0,"9",.0,"9",0,"",0,"","",0,"8",0,"8",0,"8"
"349210670","KROSNO","1985","03","07",9.7,"",3.9,"",6.3,"",.1,"",.0,"9","",0,"9",.0,"9",.0,"8",.0,"9",.0,"9",.0,"9",.0,"9",.0,"9",3.3,"",.0,"9",.0,"9",.0,"9",.0,"9",3.0,"",.0,"9",.0,"9",.0,"9",.0,"9",.0,"9",0,"",0,"","",0,"8",0,"8",0,"8"
"349210670","KROSNO","1985","03","08",6.4,"",-.1,"",1.9,"",.1,"",8.5,"","S",0,"9",.0,"9",.0,"8",2.0,"",11.8,"",.8,"",.0,"9",14.8,"",8.3,"",.0,"9",.0,"9",.0,"9",.0,"9",.0,"9",.0,"9",.0,"9",.0,"9",.0,"9",.0,"9",0,"",0,"","",0,"8",0,"8",0,"8"
"349210670","KROSNO","1985","03","09",.5,"",-1.1,"",-.4,"",-1.1,"",6.0,"","S",6,"",1.2,"",.0,"8",.0,"9",24.0,"",.0,"9",.0,"9",19.0,"",5.0,"",.0,"9",.0,"9",.0,"9",.0,"9",.0,"9",.0,"9",.0,"9",.0,"9",.0,"9",.0,"9",1,"",0,"","",0,"8",0,"8",0,"8"
"349210670","KROSNO","1985","03","10",-1.0,"",-4.8,"",-4.1,"",-4.8,"",2.5,"","S",8,"",1.8,"",.0,"8",.0,"9",15.5,"",.0,"9",.0,"9",7.3,"",16.7,"",.0,"9",.0,"9",.0,"9",.0,"9",.0,"9",.0,"9",.0,"9",.0,"9",.0,"9",.0,"9",1,"",0,"","",0,"8",0,"8",0,"8"
"349210670","KROSNO","1985","03","11",-2.0,"",-6.3,"",-5.0,"",-9.4,"",.0,"9","",9,"",.0,"8",.0,"8",.0,"9",.0,"9",.0,"9",.0,"9",.0,"9",24.0,"",11.7,"",.0,"9",.0,"9",.0,"9",.0,"9",.0,"9",.0,"9",.0,"9",.0,"9",.0,"9",1,"",0,"","",0,"8",0,"8",0,"8"
"349210670","KROSNO","1985","03","12",-.7,"",-7.3,"",-4.1,"",-12.9,"",.0,"9","",9,"",.0,"8",.0,"8",.0,"9",.0,"9",.0,"9",.0,"9",.8,"",23.3,"",.0,"9",.0,"9",.0,"9",.0,"9",.0,"9",.0,"9",.0,"9",.0,"9",.0,"9",.0,"9",1,"",0,"","",0,"8",0,"8",0,"8"
"349210670","KROSNO","1985","03","13",7.9,"",-8.2,"",.4,"",-10.4,"",.0,"9","",9,"",.0,"8",.0,"8",.0,"9",.0,"9",.0,"9",.0,"9",7.2,"",2.5,"",7.2,"",.0,"9",.0,"9",.0,"9",1.8,"",.0,"9",.0,"9",.0,"9",.0,"9",.0,"9",1,"",0,"","",0,"8",0,"8",0,"8"
"349210670","KROSNO","1985","03","14",8.5,"",2.0,"",4.9,"",-.9,"",.7,"","S",5,"",2.6,"",.0,"8",.0,"9",.0,"9",.0,"9",.0,"9",.0,"9",.0,"9",.0,"9",.0,"9",.0,"9",.0,"9",.0,"9",.0,"9",.0,"9",.0,"9",.0,"9",.0,"9",1,"",0,"","",0,"8",0,"8",0,"8"
"349210670","KROSNO","1985","03","15",5.0,"",.1,"",2.0,"",-.7,"",2.7,"","S",0,"9",.0,"9",.0,"8",8.6,"",5.5,"",.0,"9",.0,"9",6.8,"",14.7,"",.0,"9",.0,"9",.0,"9",.0,"9",.0,"9",.0,"9",.0,"9",.0,"9",.0,"9",.0,"9",0,"",0,"","",0,"8",0,"8",0,"8"
"349210670","KROSNO","1985","03","16",2.3,"",-.3,"",.1,"",-1.9,"",.8,"","S",2,"",.0,"9",.0,"8",.1,"",12.3,"",.0,"9",.0,"9",11.5,"",12.5,"",.0,"9",.0,"9",.0,"9",.0,"9",.0,"9",.0,"9",.0,"9",.0,"9",.0,"9",.0,"9",1,"",0,"","",0,"8",0,"8",0,"8"
"349210670","KROSNO","1985","03","17",4.6,"",-1.0,"",1.6,"",-2.1,"",.0,"","",0,"9",.0,"9",.0,"8",.0,"9",2.2,"",.0,"9",.0,"9",5.0,"",9.5,"",.0,"9",.0,"9",.0,"9",.0,"9",.0,"9",.0,"9",.0,"9",.0,"9",.0,"9",.0,"9",0,"",0,"","",0,"8",0,"8",0,"8"
"349210670","KROSNO","1985","03","18",3.9,"",-.2,"",1.2,"",-.6,"",1.3,"","S",0,"9",.0,"9",.0,"8",1.8,"",1.5,"",2.4,"",.0,"9",.0,"9",14.5,"",.0,"9",.0,"9",.0,"9",.0,"9",.0,"9",.0,"9",.0,"9",.0,"9",.0,"9",.0,"9",0,"",0,"","",0,"8",0,"8",0,"8"
"349210670","KROSNO","1985","03","19",4.2,"",-.6,"",1.6,"",-2.7,"",.0,"9","",0,"9",.0,"9",.0,"8",.0,"9",.0,"9",.0,"9",.0,"9",.0,"9",12.0,"",.0,"9",.0,"9",.0,"9",.0,"9",.0,"9",2.0,"",.0,"9",.0,"9",.0,"9",4.0,"",0,"",0,"","",0,"8",0,"8",0,"8"
"349210670","KROSNO","1985","03","20",5.3,"",.6,"",1.8,"",-.1,"",.0,"9","",0,"9",.0,"9",.0,"8",.0,"9",.0,"9",.0,"9",.0,"9",.0,"9",15.5,"",.0,"9",.0,"9",.0,"9",.0,"9",.0,"9",.0,"9",.0,"9",.0,"9",.0,"9",.0,"9",0,"",0,"","",0,"8",0,"8",0,"8"
"349210670","KROSNO","1985","03","21",10.8,"",.1,"",3.9,"",-.4,"",.0,"9","",0,"9",.0,"9",.0,"8",.0,"9",.0,"9",.0,"9",.0,"9",.0,"9",12.5,"",.0,"9",.0,"9",.0,"9",.0,"9",.0,"9",.0,"9",.0,"9",.0,"9",.0,"9",.0,"9",0,"",0,"","",0,"8",0,"8",0,"8"
"349210670","KROSNO","1985","03","22",9.5,"",.6,"",3.6,"",-.3,"",.0,"9","",0,"9",.0,"9",.0,"8",.0,"9",.0,"9",.0,"9",.0,"9",.0,"9",7.4,"",.0,"9",.0,"9",.0,"9",.0,"9",.0,"9",.0,"9",.0,"9",.0,"9",.0,"9",.0,"9",0,"",0,"","",0,"8",0,"8",0,"8"
"349210670","KROSNO","1985","03","23",8.6,"",.2,"",2.7,"",-.4,"",.1,"","",0,"9",.0,"9",.0,"8",.0,"9",.0,"9",.0,"9",.0,"9",.0,"9",13.2,"",.0,"9",.0,"9",.0,"9",.0,"9",.0,"9",.0,"9",.0,"9",.0,"9",.0,"9",.0,"9",0,"",0,"","",0,"8",0,"8",0,"8"
"349210670","KROSNO","1985","03","24",5.9,"",.3,"",3.3,"",-.3,"",2.2,"","",0,"9",.0,"9",.0,"8",9.7,"",.0,"9",.0,"9",.0,"9",.0,"9",24.0,"",.0,"9",.0,"9",.0,"9",.0,"9",.0,"9",.0,"9",.0,"9",.0,"9",.0,"9",.0,"9",0,"",0,"","",0,"8",0,"8",0,"8"
"349210670","KROSNO","1985","03","25",7.2,"",3.9,"",4.4,"",2.3,"",.5,"","",0,"9",.0,"9",.0,"8",7.3,"",.0,"9",.0,"9",.0,"9",2.0,"",14.8,"",.0,"9",.0,"9",.0,"9",.0,"9",.0,"9",.0,"9",.0,"9",.8,"",.0,"9",.0,"9",0,"",0,"","",0,"8",0,"8",0,"8"
"349210670","KROSNO","1985","03","26",8.8,"",.8,"",5.3,"",-1.1,"",.0,"9","",0,"9",.0,"9",.0,"8",.0,"9",.0,"9",.0,"9",.0,"9",.0,"9",11.5,"",.0,"9",.0,"9",.0,"9",.0,"9",.0,"9",1.0,"",.0,"9",.0,"9",.0,"9",.0,"9",0,"",0,"","",0,"8",0,"8",0,"8"
"349210670","KROSNO","1985","03","27",12.9,"",5.7,"",9.0,"",2.4,"",.0,"9","",0,"9",.0,"9",.0,"8",.0,"9",.0,"9",.0,"9",.0,"9",.0,"9",.0,"9",.0,"9",.0,"9",.0,"9",.0,"9",.0,"9",4.7,"",.0,"9",.0,"9",5.0,"",.0,"9",0,"",0,"","",0,"8",0,"8",0,"8"
"349210670","KROSNO","1985","03","28",10.0,"",-.3,"",3.7,"",-.4,"",6.1,"","S",0,"9",.0,"9",.0,"8",3.5,"",4.0,"",1.5,"",.0,"9",1.0,"",7.7,"",.0,"9",.0,"9",.0,"9",.0,"9",.0,"9",.0,"9",.0,"9",.0,"9",.0,"9",.0,"9",0,"",0,"","",0,"8",0,"8",0,"8"
"349210670","KROSNO","1985","03","29",6.7,"",-2.1,"",2.0,"",-3.8,"",.0,"9","",0,"9",.0,"9",.0,"8",.0,"9",.0,"9",.0,"9",.0,"9",.0,"9",.0,"9",.0,"9",.0,"9",.0,"9",.0,"9",.0,"9",.0,"9",.0,"9",.0,"9",.0,"9",.0,"9",0,"",0,"","",0,"8",0,"8",0,"8"
"349210670","KROSNO","1985","03","30",12.7,"",1.5,"",7.0,"",.3,"",.0,"9","",0,"9",.0,"9",.0,"8",.0,"9",.0,"9",.0,"9",.0,"9",.0,"9",.0,"9",.0,"9",.0,"9",.0,"9",.0,"9",.0,"9",3.2,"",.0,"9",.0,"9",.0,"9",.0,"9",0,"",0,"","",0,"8",0,"8",0,"8"
"349210670","KROSNO","1985","03","31",13.3,"",5.8,"",9.7,"",2.6,"",1.7,"","",0,"9",.0,"9",.0,"8",.0,"9",.0,"9",.0,"9",.0,"9",.0,"9",.0,"9",.0,"9",.0,"9",.0,"9",.0,"9",.0,"9",6.3,"",.0,"9",.0,"9",.0,"9",.0,"9",0,"",0,"","",0,"8",0,"8",0,"8"
"349210670","KROSNO","1985","04","01",13.1,"",7.2,"",9.4,"",5.8,"",.5,"","",0,"9",.0,"9",.0,"8",4.4,"",.0,"9",.0,"9",.0,"9",.0,"9",3.0,"",.0,"9",.0,"9",.0,"9",.0,"9",.0,"9",.0,"9",.0,"9",.0,"9",.0,"9",.0,"9",0,"",0,"","",0,"8",0,"8",0,"8"
"349210670","KROSNO","1985","04","02",13.0,"",3.6,"",8.4,"",3.0,"",.6,"","",0,"9",.0,"9",.0,"8",2.6,"",.0,"9",.0,"9",.0,"9",.0,"9",3.3,"",.0,"9",.0,"9",.0,"9",.0,"9",.0,"9",.0,"9",.0,"9",.0,"9",.0,"9",.0,"9",0,"",0,"","",0,"8",0,"8",0,"8"
"349210670","KROSNO","1985","04","03",13.5,"",6.8,"",9.6,"",4.5,"",.0,"9","",0,"9",.0,"9",.0,"8",.0,"9",.0,"9",.0,"9",.0,"9",.0,"9",10.7,"",.0,"9",.0,"9",.0,"9",.0,"9",.0,"9",.0,"9",.0,"9",.0,"9",.0,"9",.0,"9",0,"",0,"","",0,"8",0,"8",0,"8"
"349210670","KROSNO","1985","04","04",17.4,"",2.6,"",10.9,"",1.3,"",.0,"9","",0,"9",.0,"9",.0,"8",.0,"9",.0,"9",.0,"9",.0,"9",.0,"9",8.2,"",.0,"9",.0,"9",.0,"9",.0,"9",.0,"9",1.3,"",.0,"9",.0,"9",7.0,"",.0,"9",0,"",0,"","",0,"8",0,"8",0,"8"
"349210670","KROSNO","1985","04","05",19.1,"",9.5,"",14.1,"",6.6,"",.0,"9","",0,"9",.0,"9",.0,"8",.0,"9",.0,"9",.0,"9",.0,"9",.0,"9",.0,"9",.0,"9",.0,"9",.0,"9",.0,"9",.0,"9",.0,"9",.0,"9",.0,"9",.0,"9",.0,"9",0,"",0,"","",0,"8",0,"8",0,"8"
"349210670","KROSNO","1985","04","06",19.4,"",11.0,"",15.3,"",7.9,"",1.1,"","",0,"9",.0,"9",.0,"8",.0,"9",.0,"9",.0,"9",.0,"9",.0,"9",.0,"9",.0,"9",.0,"9",.0,"9",.0,"9",.0,"9",5.4,"",.0,"9",.0,"9",.0,"9",.0,"9",0,"",0,"","",0,"8",0,"8",0,"8"
"349210670","KROSNO","1985","04","07",15.8,"",9.4,"",10.6,"",8.2,"",3.1,"","",0,"9",.0,"9",.0,"8",5.7,"",.0,"9",.0,"9",.0,"9",.0,"9",4.0,"",.0,"9",.0,"9",.0,"9",.0,"9",.0,"9",.0,"9",.0,"9",.0,"9",.0,"9",.0,"9",0,"",0,"","",0,"8",0,"8",0,"8"
"349210670","KROSNO","1985","04","08",14.8,"",5.8,"",10.6,"",2.4,"",6.8,"","",0,"9",.0,"9",.0,"8",4.1,"",.0,"9",.0,"9",.0,"9",.0,"9",.0,"9",.0,"9",.0,"9",.0,"9",.0,"9",.0,"9",.7,"",.0,"9",.0,"9",5.0,"",.0,"9",0,"",0,"","",0,"8",0,"8",0,"8"
"349210670","KROSNO","1985","04","09",15.2,"",6.6,"",11.1,"",6.3,"",1.0,"","",0,"9",.0,"9",.0,"8",6.0,"",.0,"9",.0,"9",.0,"9",.0,"9",4.7,"",.0,"9",.0,"9",.0,"9",.0,"9",.0,"9",.0,"9",.0,"9",.0,"9",.0,"9",.0,"9",0,"",0,"","",0,"8",0,"8",0,"8"
"349210670","KROSNO","1985","04","10",13.6,"",7.2,"",8.7,"",6.5,"",.5,"","",0,"9",.0,"9",.0,"8",4.7,"",.0,"9",.0,"9",.0,"9",.0,"9",2.2,"",.0,"9",.0,"9",.0,"9",.0,"9",.0,"9",.0,"9",.0,"9",.0,"9",.0,"9",.0,"9",0,"",0,"","",0,"8",0,"8",0,"8"
"349210670","KROSNO","1985","04","11",9.6,"",4.6,"",5.9,"",3.6,"",4.3,"","",0,"9",.0,"9",.0,"8",5.2,"",.0,"9",.0,"9",.0,"9",.0,"9",15.7,"",.0,"9",.0,"9",.0,"9",.0,"9",.0,"9",.0,"9",.0,"9",1.3,"",.0,"9",.0,"9",0,"",0,"","",0,"8",0,"8",0,"8"
"349210670","KROSNO","1985","04","12",12.3,"",3.8,"",7.8,"",2.3,"",1.2,"","",0,"9",.0,"9",.0,"8",2.6,"",.0,"9",.0,"9",.0,"9",.0,"9",11.3,"",.0,"9",.0,"9",.0,"9",.0,"9",.0,"9",.0,"9",.0,"9",.0,"9",.0,"9",.0,"9",0,"",0,"","",0,"8",0,"8",0,"8"
"349210670","KROSNO","1985","04","13",8.5,"",5.2,"",5.7,"",4.8,"",3.6,"","",0,"9",.0,"9",.0,"8",10.4,"",.0,"9",.0,"9",.0,"9",.0,"9",23.5,"",.0,"9",.0,"9",.0,"9",.0,"9",.0,"9",.0,"9",.0,"9",.0,"9",.0,"9",.0,"9",0,"",0,"","",0,"8",0,"8",0,"8"
"349210670","KROSNO","1985","04","14",13.1,"",2.8,"",7.4,"",1.1,"",6.5,"","",0,"9",.0,"9",.0,"8",3.7,"",.0,"9",.0,"9",.0,"9",.0,"9",7.7,"",.0,"9",.0,"9",.0,"9",.0,"9",.0,"9",.0,"9",.0,"9",.6,"",9.0,"",.0,"9",0,"",0,"","",0,"8",0,"8",0,"8"
"349210670","KROSNO","1985","04","15",13.8,"",4.1,"",8.2,"",3.3,"",.7,"","",0,"9",.0,"9",.0,"8",3.0,"",.0,"9",.0,"9",.0,"9",.0,"9",.0,"9",.0,"9",.0,"9",.0,"9",.0,"9",.0,"9",.0,"9",.0,"9",.0,"9",.0,"9",.0,"9",0,"",0,"","",0,"8",0,"8",0,"8"
"349210670","KROSNO","1985","04","16",9.4,"",3.4,"",6.2,"",2.1,"",.0,"","",0,"9",.0,"9",.0,"8",.3,"",.0,"9",.0,"9",.0,"9",.8,"",17.8,"",.0,"9",.0,"9",.0,"9",.0,"9",.0,"9",.0,"9",.0,"9",.0,"9",.0,"9",.0,"9",0,"",0,"","",0,"8",0,"8",0,"8"
"349210670","KROSNO","1985","04","17",11.6,"",2.2,"",6.8,"",.4,"",.0,"9","",0,"9",.0,"9",.0,"8",.0,"9",.0,"9",.0,"9",.0,"9",.0,"9",11.7,"",.0,"9",.0,"9",.0,"9",.0,"9",.0,"9",.0,"9",.0,"9",.0,"9",9.0,"",.0,"9",0,"",0,"","",0,"8",0,"8",0,"8"
"349210670","KROSNO","1985","04","18",12.8,"",4.6,"",8.5,"",3.3,"",.0,"9","",0,"9",.0,"9",.0,"8",.0,"9",.0,"9",.0,"9",.0,"9",.0,"9",.0,"9",.0,"9",.0,"9",.0,"9",.0,"9",.0,"9",.0,"9",.0,"9",.0,"9",.0,"9",.0,"9",0,"",0,"","",0,"8",0,"8",0,"8"
"349210670","KROSNO","1985","04","19",13.8,"",.8,"",7.9,"",-2.2,"",.0,"9","",0,"9",.0,"9",.0,"8",.0,"9",.0,"9",.0,"9",.0,"9",.0,"9",2.3,"",.0,"9",.0,"9",.0,"9",.0,"9",.0,"9",.0,"9",.0,"9",.0,"9",8.0,"",.0,"9",0,"",0,"","",0,"8",0,"8",0,"8"
"349210670","KROSNO","1985","04","20",16.9,"",1.6,"",10.1,"",1.1,"",.0,"9","",0,"9",.0,"9",.0,"8",.0,"9",.0,"9",.0,"9",.0,"9",.0,"9",8.2,"",.0,"9",.0,"9",.0,"9",.0,"9",.0,"9",.0,"9",.0,"9",.0,"9",9.0,"",.0,"9",0,"",0,"","",0,"8",0,"8",0,"8"
"349210670","KROSNO","1985","04","21",19.4,"",5.1,"",12.5,"",4.0,"",.0,"9","",0,"9",.0,"9",.0,"8",.0,"9",.0,"9",.0,"9",.0,"9",.0,"9",.0,"9",.0,"9",.0,"9",.0,"9",.0,"9",.0,"9",.0,"9",.0,"9",.0,"9",.0,"9",.0,"9",0,"",0,"","",0,"8",0,"8",0,"8"
"349210670","KROSNO","1985","04","22",20.5,"",6.4,"",13.6,"",3.9,"",.0,"9","",0,"9",.0,"9",.0,"8",.0,"9",.0,"9",.0,"9",.0,"9",.0,"9",.0,"9",.0,"9",.0,"9",.0,"9",.0,"9",3.8,"",.0,"9",.0,"9",.0,"9",.0,"9",.0,"9",0,"",0,"","",0,"8",0,"8",0,"8"
"349210670","KROSNO","1985","04","23",20.7,"",6.7,"",14.1,"",5.8,"",.0,"9","",0,"9",.0,"9",.0,"8",.0,"9",.0,"9",.0,"9",.0,"9",.0,"9",.0,"9",.0,"9",.0,"9",.0,"9",.0,"9",.0,"9",.0,"9",.0,"9",.0,"9",.0,"9",.0,"9",0,"",0,"","",0,"8",0,"8",0,"8"
"349210670","KROSNO","1985","04","24",16.6,"",2.0,"",4.9,"",2.4,"",10.6,"","S",0,"9",.0,"9",.0,"8",10.4,"",.5,"",3.2,"",.0,"9",.0,"9",20.3,"",.0,"9",.0,"9",.0,"9",.0,"9",.0,"9",.0,"9",.0,"9",.0,"9",6.0,"",.0,"9",0,"",0,"","",0,"8",0,"8",0,"8"
"349210670","KROSNO","1985","04","25",6.1,"",-.6,"",2.7,"",-.6,"",2.3,"","S",6,"",.8,"",.0,"8",2.6,"",7.7,"",.0,"9",.0,"9",.0,"9",10.5,"",.0,"9",.0,"9",.0,"9",.0,"9",.0,"9",.0,"9",.0,"9",.0,"9",.0,"9",.0,"9",1,"",0,"","",0,"8",0,"8",0,"8"
"349210670","KROSNO","1985","04","26",5.7,"",-2.0,"",.2,"",-2.0,"",2.3,"","S",0,"9",.0,"9",.0,"8",.2,"",9.9,"",1.2,"",.0,"9",2.7,"",9.0,"",.0,"9",.0,"9",.0,"9",.0,"9",.0,"9",.0,"9",.0,"9",.0,"9",.0,"9",.0,"9",0,"",0,"","",0,"8",0,"8",0,"8"
"349210670","KROSNO","1985","04","27",7.9,"",-2.6,"",3.2,"",-3.6,"",.0,"9","",0,"9",.0,"9",.0,"8",.0,"9",.0,"9",.0,"9",.0,"9",3.5,"",4.8,"",.0,"9",.0,"9",.0,"9",.0,"9",.0,"9",.0,"9",.0,"9",.0,"9",.0,"9",3.2,"",0,"",0,"","",0,"8",0,"8",0,"8"
"349210670","KROSNO","1985","04","28",7.7,"",1.5,"",4.7,"",1.5,"",12.6,"","S",0,"9",.0,"9",.0,"8",10.4,"",.0,"9",4.3,"",.0,"9",.0,"9",11.3,"",.0,"9",.0,"9",.0,"9",.0,"9",.0,"9",2.0,"",.0,"9",.0,"9",.0,"9",.0,"9",0,"",0,"","",0,"8",0,"8",0,"8"
"349210670","KROSNO","1985","04","29",4.2,"",-.1,"",1.2,"",-.1,"",4.1,"","S",3,"",.0,"9",.0,"8",2.9,"",9.3,"",1.5,"",.0,"9",8.3,"",6.9,"",.0,"9",.0,"9",.0,"9",.0,"9",.0,"9",.0,"9",.0,"9",.0,"9",.0,"9",.0,"9",1,"",0,"","",0,"8",0,"8",0,"8"
"349210670","KROSNO","1985","04","30",5.6,"",-.5,"",2.0,"",-2.4,"",3.9,"","S",0,"9",.0,"9",.0,"8",2.7,"",4.1,"",.0,"9",.0,"9",.0,"9",.0,"9",.0,"9",.0,"9",.0,"9",.0,"9",.0,"9",.7,"",.0,"9",.0,"9",.0,"9",4.0,"",0,"",0,"","",0,"8",0,"8",0,"8"
"349210670","KROSNO","1985","05","01",4.5,"",.1,"",1.2,"",.0,"",7.7,"","S",0,"9",.0,"9",.0,"8",4.7,"",6.5,"",12.6,"",.0,"9",.0,"9",20.7,"",.0,"9",.0,"9",.0,"9",.0,"9",.0,"9",3.2,"",.0,"9",.0,"9",.0,"9",.0,"9",0,"",0,"","",0,"8",0,"8",0,"8"
"349210670","KROSNO","1985","05","02",7.8,"",1.6,"",5.1,"",1.2,"",1.2,"","",0,"9",.0,"9",.0,"8",3.2,"",.0,"9",.0,"9",.0,"9",.0,"9",2.2,"",.0,"9",.0,"9",.0,"9",.0,"9",.0,"9",.0,"9",.0,"9",.0,"9",.0,"9",.0,"9",0,"",0,"","",0,"8",0,"8",0,"8"
"349210670","KROSNO","1985","05","03",6.1,"",4.4,"",4.9,"",2.9,"",8.0,"","",0,"9",.0,"9",.0,"8",13.3,"",.0,"9",.0,"9",.0,"9",.0,"9",10.2,"",.0,"9",.0,"9",.0,"9",.0,"9",.0,"9",.0,"9",.0,"9",.0,"9",.0,"9",.0,"9",0,"",0,"","",0,"8",0,"8",0,"8"
"349210670","KROSNO","1985","05","04",10.4,"",2.8,"",6.2,"",.9,"",.4,"","",0,"9",.0,"9",.0,"8",.6,"",.0,"9",.0,"9",.0,"9",.0,"9",.0,"9",.0,"9",.0,"9",.0,"9",.0,"9",.0,"9",.0,"9",.0,"9",.0,"9",.0,"9",.0,"9",0,"",0,"","",0,"8",0,"8",0,"8"
"349210670","KROSNO","1985","05","05",15.7,"",1.1,"",9.3,"",-.3,"",.0,"","",0,"9",.0,"9",.0,"8",1.6,"",.0,"9",.0,"9",.0,"9",.0,"9",.0,"9",.0,"9",.0,"9",.0,"9",.0,"9",.0,"9",.0,"9",.0,"9",.0,"9",8.0,"",.0,"9",0,"",0,"","",0,"8",0,"8",0,"8"
"349210670","KROSNO","1985","05","06",21.6,"",9.4,"",15.4,"",7.7,"",.0,"9","",0,"9",.0,"9",.0,"8",.0,"9",.0,"9",.0,"9",.0,"9",.0,"9",.0,"9",.0,"9",.0,"9",.0,"9",.0,"9",.0,"9",.0,"9",.0,"9",.0,"9",.0,"9",.0,"9",0,"",0,"","",0,"8",0,"8",0,"8"
"349210670","KROSNO","1985","05","07",21.4,"",11.3,"",16.4,"",10.3,"",.0,"","",0,"9",.0,"9",.0,"8",.0,"9",.0,"9",.0,"9",.0,"9",.0,"9",.0,"9",.0,"9",.0,"9",.0,"9",.0,"9",.0,"9",.0,"9",.0,"9",.0,"9",5.0,"",.0,"9",0,"",0,"","",0,"8",0,"8",0,"8"
"349210670","KROSNO","1985","05","08",20.2,"",12.0,"",15.0,"",11.3,"",2.5,"","",0,"9",.0,"9",.0,"8",3.3,"",.0,"9",.0,"9",.0,"9",.0,"9",.0,"9",.0,"9",.0,"9",.0,"9",.0,"9",.0,"9",.0,"9",.0,"9",.0,"9",.0,"9",.0,"9",0,"",0,"","",0,"8",0,"8",0,"8"
"349210670","KROSNO","1985","05","09",19.7,"",8.6,"",14.1,"",7.9,"",1.9,"","",0,"9",.0,"9",.0,"8",1.9,"",.0,"9",.0,"9",.0,"9",.0,"9",.0,"9",.0,"9",.0,"9",.0,"9",.0,"9",.0,"9",.0,"9",.0,"9",.0,"9",.0,"9",.0,"9",0,"",0,"","",0,"8",0,"8",0,"8"
"349210670","KROSNO","1985","05","10",17.4,"",10.9,"",13.1,"",10.0,"",5.6,"","",0,"9",.0,"9",.0,"8",4.2,"",.0,"9",.0,"9",.0,"9",.0,"9",4.1,"",.0,"9",.0,"9",.0,"9",.0,"9",.0,"9",.0,"9",.0,"9",.7,"",.0,"9",.0,"9",0,"",0,"","",0,"8",0,"8",0,"8"
"349210670","KROSNO","1985","05","11",19.7,"",7.5,"",13.6,"",6.8,"",.3,"","",0,"9",.0,"9",.0,"8",.7,"",.0,"9",.0,"9",.0,"9",6.1,"",4.0,"",.0,"9",.0,"9",.0,"9",.0,"9",.0,"9",.0,"9",.0,"9",.0,"9",2.2,"",.0,"9",0,"",0,"","",0,"8",0,"8",0,"8"
"349210670","KROSNO","1985","05","12",25.0,"",11.9,"",16.9,"",11.0,"",2.0,"","",0,"9",.0,"9",.0,"8",1.2,"",.0,"9",.0,"9",.0,"9",4.5,"",5.8,"",.0,"9",.0,"9",.0,"9",.0,"9",.0,"9",.0,"9",.0,"9",2.1,"",1.2,"",.0,"9",0,"",0,"","",0,"8",0,"8",0,"8"
"349210670","KROSNO","1985","05","13",27.6,"",13.2,"",19.9,"",12.6,"",.0,"9","",0,"9",.0,"9",.0,"8",.0,"9",.0,"9",.0,"9",.0,"9",.0,"9",.0,"9",.0,"9",.0,"9",.0,"9",.0,"9",.0,"9",.0,"9",.0,"9",.0,"9",2.0,"",.0,"9",0,"",0,"","",0,"8",0,"8",0,"8"
"349210670","KROSNO","1985","05","14",25.2,"",13.0,"",19.2,"",11.1,"",.0,"9","",0,"9",.0,"9",.0,"8",.0,"9",.0,"9",.0,"9",.0,"9",.0,"9",.0,"9",.0,"9",.0,"9",.0,"9",.0,"9",.0,"9",.0,"9",.0,"9",.0,"9",8.0,"",.0,"9",0,"",0,"","",0,"8",0,"8",0,"8"
"349210670","KROSNO","1985","05","15",23.8,"",13.7,"",18.4,"",11.8,"",1.8,"","",0,"9",.0,"9",.0,"8",.9,"",.0,"9",.0,"9",.0,"9",.0,"9",.0,"9",.0,"9",.0,"9",.0,"9",.0,"9",.0,"9",.0,"9",.0,"9",2.1,"",8.0,"",.0,"9",0,"",1,"","",0,"8",0,"8",0,"8"
"349210670","KROSNO","1985","05","16",24.3,"",11.2,"",18.0,"",11.2,"",.5,"","",0,"9",.0,"9",.0,"8",1.0,"",.0,"9",.0,"9",.0,"9",.0,"9",6.3,"",.0,"9",.0,"9",.0,"9",.0,"9",.0,"9",.0,"9",.0,"9",2.2,"",7.0,"",.0,"9",0,"",0,"","",0,"8",0,"8",0,"8"
"349210670","KROSNO","1985","05","17",23.9,"",13.5,"",17.5,"",12.7,"",4.0,"","",0,"9",.0,"9",.0,"8",3.8,"",.0,"9",.0,"9",.0,"9",4.3,"",6.8,"",.0,"9",.0,"9",.0,"9",.0,"9",.0,"9",.0,"9",.0,"9",3.7,"",2.2,"",.0,"9",0,"",0,"","",0,"8",0,"8",0,"8"
"349210670","KROSNO","1985","05","18",17.2,"",13.5,"",14.5,"",13.9,"",4.2,"","",0,"9",.0,"9",.0,"8",5.9,"",.0,"9",.0,"9",.0,"9",4.3,"",19.8,"",.0,"9",.0,"9",.0,"9",.0,"9",.0,"9",.0,"9",.0,"9",.0,"9",12.1,"",.0,"9",0,"",0,"","",0,"8",0,"8",0,"8"
"349210670","KROSNO","1985","05","19",17.4,"",12.2,"",14.0,"",11.5,"",.0,"9","",0,"9",.0,"9",.0,"8",.0,"9",.0,"9",.0,"9",.0,"9",.7,"",3.2,"",.0,"9",.0,"9",.0,"9",.0,"9",.0,"9",.0,"9",.0,"9",.0,"9",.0,"9",.0,"9",0,"",0,"","",0,"8",0,"8",0,"8"
"349210670","KROSNO","1985","05","20",18.8,"",7.7,"",14.0,"",4.9,"",.0,"9","",0,"9",.0,"9",.0,"8",.0,"9",.0,"9",.0,"9",.0,"9",.0,"9",.0,"9",.0,"9",.0,"9",.0,"9",.0,"9",.0,"9",.0,"9",.0,"9",.0,"9",4.0,"",.0,"9",0,"",0,"","",0,"8",0,"8",0,"8"
"349210670","KROSNO","1985","05","21",18.6,"",8.2,"",13.5,"",7.8,"",.8,"","",0,"9",.0,"9",.0,"8",1.3,"",.0,"9",.0,"9",.0,"9",.0,"9",5.3,"",.0,"9",.0,"9",.0,"9",.0,"9",.0,"9",.0,"9",.0,"9",.0,"9",9.0,"",.0,"9",0,"",0,"","",0,"8",0,"8",0,"8"
"349210670","KROSNO","1985","05","22",18.6,"",12.5,"",14.1,"",12.3,"",30.0,"","",0,"9",.0,"9",.0,"8",8.0,"",.0,"9",.0,"9",.0,"9",.0,"9",4.1,"",.0,"9",.0,"9",.0,"9",.0,"9",.0,"9",.0,"9",.0,"9",1.1,"",.0,"9",.0,"9",0,"",0,"","",0,"8",0,"8",0,"8"
"349210670","KROSNO","1985","05","23",17.8,"",11.6,"",13.9,"",10.3,"",2.4,"","",0,"9",.0,"9",.0,"8",1.7,"",.0,"9",.0,"9",.0,"9",.0,"9",4.9,"",.0,"9",.0,"9",.0,"9",.0,"9",.0,"9",.0,"9",.0,"9",1.6,"",.0,"9",.0,"9",0,"",0,"","",0,"8",0,"8",0,"8"
"349210670","KROSNO","1985","05","24",16.7,"",9.2,"",11.5,"",7.8,"",.0,"","",0,"9",.0,"9",.0,"8",.8,"",.0,"9",.0,"9",.0,"9",.0,"9",7.5,"",.0,"9",.0,"9",.0,"9",.0,"9",.0,"9",.0,"9",.0,"9",.0,"9",8.2,"",.0,"9",0,"",0,"","",0,"8",0,"8",0,"8"
"349210670","KROSNO","1985","05","25",20.7,"",5.6,"",13.8,"",5.6,"",.0,"9","",0,"9",.0,"9",.0,"8",.0,"9",.0,"9",.0,"9",.0,"9",4.1,"",3.6,"",.0,"9",.0,"9",.0,"9",.0,"9",.0,"9",.0,"9",.0,"9",.0,"9",5.3,"",.0,"9",0,"",0,"","",0,"8",0,"8",0,"8"
"349210670","KROSNO","1985","05","26",22.6,"",9.3,"",16.5,"",8.6,"",.0,"9","",0,"9",.0,"9",.0,"8",.0,"9",.0,"9",.0,"9",.0,"9",1.6,"",5.4,"",.0,"9",.0,"9",.0,"9",.0,"9",.0,"9",.0,"9",.0,"9",.0,"9",4.3,"",.0,"9",0,"",0,"","",0,"8",0,"8",0,"8"
"349210670","KROSNO","1985","05","27",24.5,"",11.1,"",18.1,"",10.3,"",.0,"9","",0,"9",.0,"9",.0,"8",.0,"9",.0,"9",.0,"9",.0,"9",.0,"9",.0,"9",.0,"9",.0,"9",.0,"9",.0,"9",.0,"9",.0,"9",.0,"9",.0,"9",7.0,"",.0,"9",0,"",0,"","",0,"8",0,"8",0,"8"
"349210670","KROSNO","1985","05","28",24.0,"",10.4,"",18.3,"",9.1,"",.0,"9","",0,"9",.0,"9",.0,"8",.0,"9",.0,"9",.0,"9",.0,"9",.0,"9",.0,"9",.0,"9",.0,"9",.0,"9",.0,"9",.0,"9",.0,"9",.0,"9",.0,"9",2.0,"",.0,"9",0,"",0,"","",0,"8",0,"8",0,"8"
"349210670","KROSNO","1985","05","29",21.3,"",10.5,"",15.7,"",7.8,"",.3,"","",0,"9",.0,"9",.0,"8",.3,"",.0,"9",.0,"9",.0,"9",.0,"9",.0,"9",.0,"9",.0,"9",.0,"9",.0,"9",.0,"9",.0,"9",.0,"9",1.1,"",6.0,"",.0,"9",0,"",0,"","",0,"8",0,"8",0,"8"
"349210670","KROSNO","1985","05","30",18.7,"",10.7,"",14.0,"",9.0,"",27.7,"","",0,"9",.0,"9",.0,"8",2.7,"",.0,"9",.0,"9",.0,"9",2.0,"",6.8,"",.0,"9",.0,"9",.0,"9",.0,"9",.0,"9",.0,"9",.0,"9",1.6,"",3.7,"",.0,"9",0,"",0,"","",0,"8",0,"8",0,"8"
"349210670","KROSNO","1985","05","31",20.3,"",12.0,"",15.1,"",11.5,"",1.9,"","",0,"9",.0,"9",.0,"8",2.1,"",.0,"9",.0,"9",.0,"9",.0,"9",16.3,"",.0,"9",.0,"9",.0,"9",.0,"9",.0,"9",.0,"9",.0,"9",.9,"",.0,"9",.0,"9",0,"",0,"","",0,"8",0,"8",0,"8"
"349210670","KROSNO","1985","06","01",15.8,"",12.6,"",13.5,"",12.8,"",2.3,"","",0,"9",.0,"9",.0,"8",.4,"",.0,"9",.0,"9",.0,"9",.0,"9",15.3,"",.0,"9",.0,"9",.0,"9",.0,"9",.0,"9",.0,"9",.0,"9",.0,"9",4.0,"",.0,"9",0,"",0,"","",0,"8",0,"8",0,"8"
"349210670","KROSNO","1985","06","02",13.5,"",10.3,"",11.9,"",10.3,"",7.4,"","",0,"9",.0,"9",.0,"8",8.3,"",.0,"9",.0,"9",.0,"9",.0,"9",17.8,"",.0,"9",.0,"9",.0,"9",.0,"9",.0,"9",.0,"9",.0,"9",.0,"9",.0,"9",.0,"9",0,"",0,"","",0,"8",0,"8",0,"8"
"349210670","KROSNO","1985","06","03",17.1,"",13.0,"",14.6,"",13.0,"",1.1,"","",0,"9",.0,"9",.0,"8",3.4,"",.0,"9",.0,"9",.0,"9",4.3,"",9.3,"",.0,"9",.0,"9",.0,"9",.0,"9",.0,"9",.0,"9",.0,"9",.0,"9",.0,"9",.0,"9",0,"",0,"","",0,"8",0,"8",0,"8"
"349210670","KROSNO","1985","06","04",20.5,"",8.0,"",14.9,"",6.0,"",.0,"9","",0,"9",.0,"9",.0,"8",.0,"9",.0,"9",.0,"9",.0,"9",.0,"9",.0,"9",.0,"9",.0,"9",.0,"9",.0,"9",.0,"9",.0,"9",.0,"9",.0,"9",.0,"9",.0,"9",0,"",0,"","",0,"8",0,"8",0,"8"
"349210670","KROSNO","1985","06","05",24.2,"",8.1,"",17.1,"",7.0,"",.0,"9","",0,"9",.0,"9",.0,"8",.0,"9",.0,"9",.0,"9",.0,"9",.0,"9",.0,"9",.0,"9",.0,"9",.0,"9",.0,"9",.0,"9",.0,"9",.0,"9",.0,"9",7.0,"",.0,"9",0,"",0,"","",0,"8",0,"8",0,"8"
"349210670","KROSNO","1985","06","06",25.1,"",15.5,"",20.2,"",12.9,"",.0,"","",0,"9",.0,"9",.0,"8",.6,"",.0,"9",.0,"9",.0,"9",.0,"9",.0,"9",.0,"9",.0,"9",.0,"9",.0,"9",.0,"9",.0,"9",.0,"9",4.1,"",.0,"9",.0,"9",0,"",1,"","",0,"8",0,"8",0,"8"
"349210670","KROSNO","1985","06","07",24.6,"",15.4,"",18.9,"",13.9,"",5.4,"","",0,"9",.0,"9",.0,"8",2.2,"",.0,"9",.0,"9",.0,"9",.0,"9",.0,"9",.0,"9",.0,"9",.0,"9",.0,"9",.0,"9",.0,"9",.0,"9",3.5,"",7.0,"",.0,"9",0,"",0,"","",0,"8",0,"8",0,"8"
"349210670","KROSNO","1985","06","08",20.9,"",14.7,"",16.6,"",13.0,"",5.3,"","",0,"9",.0,"9",.0,"8",2.8,"",.0,"9",.0,"9",.0,"9",.0,"9",.0,"9",.0,"9",.0,"9",.0,"9",.0,"9",.0,"9",.0,"9",.0,"9",.0,"9",7.0,"",.0,"9",0,"",0,"","",0,"8",0,"8",0,"8"
"349210670","KROSNO","1985","06","09",14.7,"",8.7,"",10.4,"",9.8,"",4.0,"","",0,"9",.0,"9",.0,"8",11.7,"",.0,"9",.0,"9",.0,"9",.0,"9",6.2,"",.0,"9",.0,"9",.0,"9",.0,"9",.0,"9",.0,"9",.0,"9",.0,"9",.0,"9",.0,"9",0,"",0,"","",0,"8",0,"8",0,"8"
"349210670","KROSNO","1985","06","10",17.0,"",5.6,"",11.8,"",4.1,"",3.6,"","",0,"9",.0,"9",.0,"8",.4,"",.0,"9",.0,"9",.0,"9",.0,"9",.0,"9",.0,"9",.0,"9",.0,"9",.0,"9",.0,"9",.0,"9",.0,"9",.0,"9",6.0,"",.0,"9",0,"",0,"","",0,"8",0,"8",0,"8"
"349210670","KROSNO","1985","06","11",15.6,"",9.3,"",11.2,"",9.2,"",.0,"","",0,"9",.0,"9",.0,"8",3.3,"",.0,"9",.0,"9",.0,"9",.0,"9",.0,"9",.0,"9",.0,"9",.0,"9",.0,"9",.0,"9",.0,"9",.0,"9",.0,"9",.0,"9",.0,"9",0,"",0,"","",0,"8",0,"8",0,"8"
"349210670","KROSNO","1985","06","12",15.6,"",4.0,"",11.9,"",3.2,"",.3,"","",0,"9",.0,"9",.0,"8",1.3,"",.0,"9",.0,"9",.0,"9",.0,"9",.0,"9",.0,"9",.0,"9",.0,"9",.0,"9",.0,"9",.0,"9",.0,"9",1.1,"",7.0,"",.0,"9",0,"",0,"","",0,"8",0,"8",0,"8"
"349210670","KROSNO","1985","06","13",15.3,"",11.3,"",12.5,"",10.5,"",.3,"","",0,"9",.0,"9",.0,"8",1.8,"",.0,"9",.0,"9",.0,"9",.0,"9",.0,"9",.0,"9",.0,"9",.0,"9",.0,"9",.0,"9",.0,"9",.0,"9",.0,"9",.0,"9",.0,"9",0,"",0,"","",0,"8",0,"8",0,"8"
"349210670","KROSNO","1985","06","14",18.4,"",8.5,"",13.5,"",7.0,"",.7,"","",0,"9",.0,"9",.0,"8",.5,"",.0,"9",.0,"9",.0,"9",.0,"9",.0,"9",.0,"9",.0,"9",.0,"9",.0,"9",.0,"9",.0,"9",.0,"9",.0,"9",3.0,"",.0,"9",0,"",0,"","",0,"8",0,"8",0,"8"
"349210670","KROSNO","1985","06","15",15.8,"",10.0,"",11.6,"",8.9,"",16.3,"","",0,"9",.0,"9",.0,"8",5.9,"",.0,"9",.0,"9",.0,"9",.0,"9",9.3,"",.0,"9",.0,"9",.0,"9",.0,"9",.0,"9",.9,"",.0,"9",.0,"9",5.4,"",.0,"9",0,"",0,"","",0,"8",0,"8",0,"8"
"349210670","KROSNO","1985","06","16",13.0,"",5.5,"",9.6,"",4.1,"",.2,"","",0,"9",.0,"9",.0,"8",1.3,"",.0,"9",.0,"9",.0,"9",.0,"9",.0,"9",.0,"9",.0,"9",.0,"9",.0,"9",.0,"9",.0,"9",.0,"9",.0,"9",.0,"9",.0,"9",0,"",0,"","",0,"8",0,"8",0,"8"
"349210670","KROSNO","1985","06","17",13.4,"",6.1,"",10.1,"",4.1,"",2.0,"","",0,"9",.0,"9",.0,"8",.0,"9",.0,"9",.0,"9",.0,"9",.0,"9",2.5,"",.0,"9",.0,"9",.0,"9",.0,"9",.0,"9",.0,"9",.0,"9",.0,"9",12.0,"",.0,"9",0,"",0,"","",0,"8",0,"8",0,"8"
"349210670","KROSNO","1985","06","18",11.5,"",7.7,"",8.5,"",7.6,"",4.9,"","",0,"9",.0,"9",.0,"8",11.3,"",.0,"9",.0,"9",.0,"9",.0,"9",4.0,"",.0,"9",.0,"9",.0,"9",.0,"9",.0,"9",.0,"9",.0,"9",.0,"9",.1,"",.0,"9",0,"",0,"","",0,"8",0,"8",0,"8"
"349210670","KROSNO","1985","06","19",15.7,"",7.0,"",11.6,"",6.5,"",.0,"9","",0,"9",.0,"9",.0,"8",.0,"9",.0,"9",.0,"9",.0,"9",.0,"9",2.9,"",.0,"9",.0,"9",.0,"9",.0,"9",.0,"9",.0,"9",.0,"9",.0,"9",3.0,"",.0,"9",0,"",0,"","",0,"8",0,"8",0,"8"
"349210670","KROSNO","1985","06","20",19.5,"",6.9,"",14.2,"",5.0,"",.2,"","",0,"9",.0,"9",.0,"8",.0,"9",.0,"9",.0,"9",.0,"9",.0,"9",1.3,"",.0,"9",.0,"9",.0,"9",.0,"9",.0,"9",.0,"9",.0,"9",.0,"9",11.0,"",.0,"9",0,"",0,"","",0,"8",0,"8",0,"8"
"349210670","KROSNO","1985","06","21",16.6,"",10.3,"",12.2,"",9.5,"",2.5,"","",0,"9",.0,"9",.0,"8",11.7,"",.0,"9",.0,"9",.0,"9",.0,"9",24.0,"",.0,"9",.0,"9",.0,"9",.0,"9",.0,"9",.0,"9",.0,"9",.0,"9",3.7,"",.0,"9",0,"",0,"","",0,"8",0,"8",0,"8"
"349210670","KROSNO","1985","06","22",19.6,"",11.6,"",14.9,"",11.5,"",.0,"9","",0,"9",.0,"9",.0,"8",.0,"9",.0,"9",.0,"9",.0,"9",.0,"9",14.3,"",.0,"9",.0,"9",.0,"9",.0,"9",.0,"9",.0,"9",.0,"9",.0,"9",3.0,"",.0,"9",0,"",0,"","",0,"8",0,"8",0,"8"
"349210670","KROSNO","1985","06","23",17.9,"",12.5,"",15.2,"",10.9,"",.2,"","",0,"9",.0,"9",.0,"8",1.6,"",.0,"9",.0,"9",.0,"9",.0,"9",7.0,"",.0,"9",.0,"9",.0,"9",.0,"9",.0,"9",.0,"9",.0,"9",.0,"9",7.0,"",.0,"9",0,"",0,"","",0,"8",0,"8",0,"8"
"349210670","KROSNO","1985","06","24",17.6,"",12.7,"",14.7,"",12.7,"",9.0,"","",0,"9",.0,"9",.0,"8",7.3,"",.0,"9",.0,"9",.0,"9",3.8,"",18.5,"",.0,"9",.0,"9",.0,"9",.0,"9",.0,"9",.0,"9",.0,"9",.0,"9",.0,"9",.0,"9",0,"",0,"","",0,"8",0,"8",0,"8"
"349210670","KROSNO","1985","06","25",13.8,"",12.4,"",12.5,"",12.4,"",15.2,"","",0,"9",.0,"9",.0,"8",20.2,"",.0,"9",.0,"9",.0,"9",1.2,"",22.8,"",.0,"9",.0,"9",.0,"9",.0,"9",.0,"9",.0,"9",.0,"9",.0,"9",.0,"9",.0,"9",0,"",0,"","",0,"8",0,"8",0,"8"
"349210670","KROSNO","1985","06","26",15.9,"",11.6,"",12.7,"",11.5,"",.4,"","",0,"9",.0,"9",.0,"8",13.2,"",.0,"9",.0,"9",.0,"9",1.3,"",22.7,"",.0,"9",.0,"9",.0,"9",.0,"9",.0,"9",.0,"9",.0,"9",.0,"9",.0,"9",.0,"9",0,"",0,"","",0,"8",0,"8",0,"8"
"349210670","KROSNO","1985","06","27",17.1,"",9.9,"",13.4,"",9.2,"",2.4,"","",0,"9",.0,"9",.0,"8",3.4,"",.0,"9",.0,"9",.0,"9",.3,"",11.0,"",.0,"9",.0,"9",.0,"9",.0,"9",.0,"9",.0,"9",.0,"9",.0,"9",.0,"9",.0,"9",0,"",0,"","",0,"8",0,"8",0,"8"
"349210670","KROSNO","1985","06","28",18.5,"",7.0,"",12.0,"",5.6,"",12.9,"","",0,"9",.0,"9",.0,"8",6.5,"",.0,"9",.0,"9",.0,"9",.0,"9",.0,"9",.0,"9",.0,"9",.0,"9",.0,"9",.0,"9",.0,"9",.0,"9",5.0,"",7.0,"",.0,"9",0,"",0,"","",0,"8",0,"8",0,"8"
"349210670","KROSNO","1985","06","29",17.9,"",8.5,"",13.1,"",6.5,"",.0,"9","",0,"9",.0,"9",.0,"8",.0,"9",.0,"9",.0,"9",.0,"9",.0,"9",2.8,"",.0,"9",.0,"9",.0,"9",.0,"9",.0,"9",.0,"9",.0,"9",.0,"9",2.0,"",.0,"9",0,"",0,"","",0,"8",0,"8",0,"8"
"349210670","KROSNO","1985","06","30",19.5,"",10.2,"",14.3,"",8.4,"",.0,"","",0,"9",.0,"9",.0,"8",.4,"",.0,"9",.0,"9",.0,"9",.0,"9",.0,"9",.0,"9",.0,"9",.0,"9",.0,"9",.0,"9",.0,"9",.0,"9",.0,"9",10.0,"",.0,"9",0,"",0,"","",0,"8",0,"8",0,"8"
"349210670","KROSNO","1985","07","01",20.5,"",12.0,"",15.4,"",10.2,"",6.6,"","",0,"9",.0,"9",.0,"8",2.4,"",.0,"9",.0,"9",.0,"9",.0,"9",.3,"",.0,"9",.0,"9",.0,"9",.0,"9",.0,"9",.0,"9",.0,"9",1.5,"",7.0,"",.0,"9",0,"",0,"","",0,"8",0,"8",0,"8"
"349210670","KROSNO","1985","07","02",18.4,"",11.7,"",13.6,"",11.7,"",.4,"","",0,"9",.0,"9",.0,"8",3.4,"",.0,"9",.0,"9",.0,"9",.0,"9",8.8,"",.0,"9",.0,"9",.0,"9",.0,"9",.0,"9",.0,"9",.0,"9",.0,"9",.0,"9",.0,"9",0,"",0,"","",0,"8",0,"8",0,"8"
"349210670","KROSNO","1985","07","03",18.8,"",10.9,"",13.7,"",9.4,"",.0,"9","",0,"9",.0,"9",.0,"8",.5,"",.0,"9",.0,"9",.0,"9",.0,"9",4.3,"",.0,"9",.0,"9",.0,"9",.0,"9",.0,"9",.0,"9",.0,"9",.0,"9",2.0,"",.0,"9",0,"",0,"","",0,"8",0,"8",0,"8"
"349210670","KROSNO","1985","07","04",19.3,"",8.1,"",14.0,"",6.6,"",.0,"9","",0,"9",.0,"9",.0,"8",.0,"9",.0,"9",.0,"9",.0,"9",.0,"9",.0,"9",.0,"9",.0,"9",.0,"9",.0,"9",.0,"9",.0,"9",.0,"9",.0,"9",11.0,"",.0,"9",0,"",0,"","",0,"8",0,"8",0,"8"
"349210670","KROSNO","1985","07","05",19.2,"",7.7,"",14.1,"",7.1,"",.0,"9","",0,"9",.0,"9",.0,"8",.0,"9",.0,"9",.0,"9",.0,"9",2.7,"",3.0,"",.0,"9",.0,"9",.0,"9",.0,"9",.0,"9",.0,"9",.0,"9",.0,"9",5.2,"",.0,"9",0,"",0,"","",0,"8",0,"8",0,"8"
"349210670","KROSNO","1985","07","06",20.1,"",9.5,"",15.5,"",7.1,"",.0,"9","",0,"9",.0,"9",.0,"8",.0,"9",.0,"9",.0,"9",.0,"9",.0,"9",.0,"9",.0,"9",.0,"9",.0,"9",.0,"9",.0,"9",.0,"9",.0,"9",.0,"9",8.0,"",.0,"9",0,"",0,"","",0,"8",0,"8",0,"8"
"349210670","KROSNO","1985","07","07",21.8,"",10.7,"",16.4,"",10.0,"",.0,"","",0,"9",.0,"9",.0,"8",.0,"9",.0,"9",.0,"9",.0,"9",.0,"9",.0,"9",.0,"9",.0,"9",.0,"9",.0,"9",.0,"9",.0,"9",.0,"9",.0,"9",8.0,"",.0,"9",0,"",0,"","",0,"8",0,"8",0,"8"
"349210670","KROSNO","1985","07","08",19.2,"",12.6,"",15.3,"",12.4,"",12.1,"","",0,"9",.0,"9",.0,"8",1.4,"",.0,"9",.0,"9",.0,"9",.0,"9",5.0,"",.0,"9",.0,"9",.0,"9",.0,"9",.0,"9",.0,"9",.0,"9",.0,"9",.0,"9",.0,"9",0,"",0,"","",0,"8",0,"8",0,"8"
"349210670","KROSNO","1985","07","09",16.4,"",8.7,"",11.2,"",8.7,"",5.1,"","",0,"9",.0,"9",.0,"8",10.5,"",.0,"9",.0,"9",.0,"9",.0,"9",.0,"9",.0,"9",.0,"9",.0,"9",.0,"9",.0,"9",.0,"9",.0,"9",.0,"9",.0,"9",.0,"9",0,"",0,"","",0,"8",0,"8",0,"8"
"349210670","KROSNO","1985","07","10",16.8,"",10.0,"",13.2,"",9.1,"",2.7,"","",0,"9",.0,"9",.0,"8",1.4,"",.0,"9",.0,"9",.0,"9",.0,"9",4.8,"",.0,"9",.0,"9",.0,"9",.0,"9",.0,"9",.0,"9",.0,"9",2.3,"",.0,"9",.0,"9",0,"",0,"","",0,"8",0,"8",0,"8"
"349210670","KROSNO","1985","07","11",21.1,"",8.9,"",15.2,"",7.2,"",.0,"9","",0,"9",.0,"9",.0,"8",.0,"9",.0,"9",.0,"9",.0,"9",.0,"9",9.0,"",.0,"9",.0,"9",.0,"9",.0,"9",.0,"9",.0,"9",.0,"9",.0,"9",11.0,"",.0,"9",0,"",0,"","",0,"8",0,"8",0,"8"
"349210670","KROSNO","1985","07","12",23.1,"",10.5,"",17.0,"",7.9,"",.0,"9","",0,"9",.0,"9",.0,"8",.0,"9",.0,"9",.0,"9",.0,"9",.0,"9",3.0,"",.0,"9",.0,"9",.0,"9",.0,"9",.0,"9",.0,"9",.0,"9",.0,"9",12.0,"",.0,"9",0,"",0,"","",0,"8",0,"8",0,"8"
"349210670","KROSNO","1985","07","13",22.9,"",13.6,"",18.3,"",13.1,"",.0,"9","",0,"9",.0,"9",.0,"8",.0,"9",.0,"9",.0,"9",.0,"9",.0,"9",4.0,"",.0,"9",.0,"9",.0,"9",.0,"9",.0,"9",.0,"9",.0,"9",.0,"9",13.0,"",.0,"9",0,"",0,"","",0,"8",0,"8",0,"8"
"349210670","KROSNO","1985","07","14",24.4,"",11.7,"",18.3,"",11.5,"",.0,"9","",0,"9",.0,"9",.0,"8",.0,"9",.0,"9",.0,"9",.0,"9",.0,"9",8.8,"",.0,"9",.0,"9",.0,"9",.0,"9",.0,"9",.0,"9",.0,"9",.0,"9",10.0,"",.0,"9",0,"",0,"","",0,"8",0,"8",0,"8"
"349210670","KROSNO","1985","07","15",26.5,"",13.2,"",20.6,"",11.9,"",.0,"9","",0,"9",.0,"9",.0,"8",.0,"9",.0,"9",.0,"9",.0,"9",.0,"9",.0,"9",.0,"9",.0,"9",.0,"9",.0,"9",.0,"9",.0,"9",.0,"9",.0,"9",7.0,"",.0,"9",0,"",0,"","",0,"8",0,"8",0,"8"
"349210670","KROSNO","1985","07","16",23.7,"",17.2,"",20.2,"",16.4,"",.0,"9","",0,"9",.0,"9",.0,"8",.0,"9",.0,"9",.0,"9",.0,"9",.0,"9",16.2,"",.0,"9",.0,"9",.0,"9",.0,"9",.0,"9",.0,"9",.0,"9",.0,"9",10.0,"",.0,"9",0,"",0,"","",0,"8",0,"8",0,"8"
"349210670","KROSNO","1985","07","17",24.6,"",15.2,"",19.3,"",15.4,"",23.9,"","",0,"9",.0,"9",.0,"8",1.8,"",.0,"9",.0,"9",.2,"",.0,"9",21.0,"",.0,"9",.0,"9",.0,"9",.0,"9",.0,"9",.0,"9",.0,"9",1.8,"",8.0,"",.0,"9",0,"",0,"","",0,"8",0,"8",0,"8"
"349210670","KROSNO","1985","07","18",22.5,"",16.1,"",18.9,"",15.8,"",.0,"9","",0,"9",.0,"9",.0,"8",.0,"9",.0,"9",.0,"9",.0,"9",.0,"9",19.0,"",.0,"9",.0,"9",.0,"9",.0,"9",.0,"9",.0,"9",.0,"9",.0,"9",4.0,"",.0,"9",0,"",0,"","",0,"8",0,"8",0,"8"
"349210670","KROSNO","1985","07","19",25.9,"",15.9,"",21.3,"",15.5,"",.0,"9","",0,"9",.0,"9",.0,"8",.0,"9",.0,"9",.0,"9",.0,"9",.0,"9",6.7,"",.0,"9",.0,"9",.0,"9",.0,"9",.0,"9",.0,"9",.0,"9",.0,"9",9.0,"",.0,"9",0,"",0,"","",0,"8",0,"8",0,"8"
"349210670","KROSNO","1985","07","20",27.6,"",17.4,"",22.4,"",16.0,"",8.0,"","",0,"9",.0,"9",.0,"8",.6,"",.0,"9",.0,"9",.0,"9",.0,"9",11.5,"",.0,"9",.0,"9",.0,"9",.0,"9",.0,"9",.0,"9",.0,"9",2.1,"",7.0,"",.0,"9",0,"",0,"","",0,"8",0,"8",0,"8"
"349210670","KROSNO","1985","07","21",21.4,"",13.0,"",15.0,"",13.0,"",18.3,"","",0,"9",.0,"9",.0,"8",8.6,"",.0,"9",.0,"9",.0,"9",.0,"9",8.5,"",.0,"9",.0,"9",.0,"9",.0,"9",.0,"9",.0,"9",.0,"9",.8,"",.0,"9",.0,"9",0,"",0,"","",0,"8",0,"8",0,"8"
"349210670","KROSNO","1985","07","22",19.1,"",8.9,"",13.9,"",8.1,"",.0,"","",0,"9",.0,"9",.0,"8",.0,"9",.0,"9",.0,"9",.0,"9",.0,"9",.0,"9",.0,"9",.0,"9",.0,"9",.0,"9",.0,"9",.0,"9",.0,"9",.0,"9",3.0,"",.0,"9",0,"",0,"","",0,"8",0,"8",0,"8"
"349210670","KROSNO","1985","07","23",19.8,"",11.8,"",15.5,"",11.0,"",3.3,"","",0,"9",.0,"9",.0,"8",2.7,"",.0,"9",.0,"9",.0,"9",.0,"9",.0,"9",.0,"9",.0,"9",.0,"9",.0,"9",.0,"9",.0,"9",.0,"9",.0,"9",5.8,"",.0,"9",0,"",0,"","",0,"8",0,"8",0,"8"
"349210670","KROSNO","1985","07","24",20.3,"",12.3,"",15.8,"",11.0,"",.0,"9","",0,"9",.0,"9",.0,"8",.0,"9",.0,"9",.0,"9",.0,"9",.0,"9",.0,"9",.0,"9",.0,"9",.0,"9",.0,"9",.0,"9",.0,"9",.0,"9",.0,"9",4.0,"",.0,"9",0,"",0,"","",0,"8",0,"8",0,"8"
"349210670","KROSNO","1985","07","25",21.6,"",12.0,"",16.4,"",10.2,"",.0,"","",0,"9",.0,"9",.0,"8",.1,"",.0,"9",.0,"9",.0,"9",.0,"9",.0,"9",.0,"9",.0,"9",.0,"9",.0,"9",.0,"9",.0,"9",.0,"9",.0,"9",13.0,"",.0,"9",0,"",0,"","",0,"8",0,"8",0,"8"
"349210670","KROSNO","1985","07","26",21.1,"",11.5,"",16.3,"",9.6,"",.0,"9","",0,"9",.0,"9",.0,"8",.0,"9",.0,"9",.0,"9",.0,"9",1.3,"",3.5,"",.0,"9",.0,"9",.0,"9",.0,"9",.0,"9",.0,"9",.0,"9",.0,"9",6.3,"",.0,"9",0,"",0,"","",0,"8",0,"8",0,"8"
"349210670","KROSNO","1985","07","27",23.6,"",9.2,"",17.3,"",8.6,"",.0,"9","",0,"9",.0,"9",.0,"8",.0,"9",.0,"9",.0,"9",.0,"9",.0,"9",.0,"9",.0,"9",.0,"9",.0,"9",.0,"9",.0,"9",.0,"9",.0,"9",.0,"9",12.0,"",.0,"9",0,"",0,"","",0,"8",0,"8",0,"8"
"349210670","KROSNO","1985","07","28",23.7,"",16.0,"",19.4,"",13.0,"",.0,"","",0,"9",.0,"9",.0,"8",.3,"",.0,"9",.0,"9",.0,"9",.0,"9",5.0,"",.0,"9",.0,"9",.0,"9",.0,"9",.0,"9",.0,"9",.0,"9",.0,"9",11.8,"",.0,"9",0,"",0,"","",0,"8",0,"8",0,"8"
"349210670","KROSNO","1985","07","29",27.5,"",14.0,"",21.4,"",13.5,"",.0,"9","",0,"9",.0,"9",.0,"8",.0,"9",.0,"9",.0,"9",.0,"9",.0,"9",8.7,"",.0,"9",.0,"9",.0,"9",.0,"9",.0,"9",.0,"9",.0,"9",.0,"9",11.0,"",.0,"9",0,"",0,"","",0,"8",0,"8",0,"8"
"349210670","KROSNO","1985","07","30",25.0,"",17.4,"",19.8,"",17.1,"",21.7,"","",0,"9",.0,"9",.0,"8",1.6,"",.0,"9",.0,"9",.0,"9",.0,"9",9.0,"",.0,"9",.0,"9",.0,"9",.0,"9",.0,"9",.0,"9",.0,"9",.6,"",12.0,"",.0,"9",0,"",0,"","",0,"8",0,"8",0,"8"
"349210670","KROSNO","1985","07","31",20.1,"",14.1,"",16.3,"",14.0,"",.0,"9","",0,"9",.0,"9",.0,"8",4.5,"",.0,"9",.0,"9",.0,"9",.0,"9",3.0,"",.0,"9",.0,"9",.0,"9",.0,"9",.0,"9",.0,"9",.0,"9",1.8,"",5.8,"",.0,"9",0,"",1,"","",0,"8",0,"8",0,"8"
"349210670","KROSNO","1985","08","01",20.1,"",11.4,"",15.9,"",9.8,"",3.3,"","",0,"9",.0,"9",.0,"8",.7,"",.0,"9",.0,"9",.0,"9",.0,"9",2.5,"",.0,"9",.0,"9",.0,"9",.0,"9",.0,"9",.0,"9",.0,"9",.0,"9",10.2,"",.0,"9",0,"",0,"","",0,"8",0,"8",0,"8"
"349210670","KROSNO","1985","08","02",21.6,"",11.2,"",14.8,"",11.0,"",1.3,"","",0,"9",.0,"9",.0,"8",3.5,"",.0,"9",.0,"9",.0,"9",.0,"9",17.8,"",.0,"9",.0,"9",.0,"9",.0,"9",.0,"9",.0,"9",.0,"9",2.3,"",10.4,"",.0,"9",0,"",0,"","",0,"8",0,"8",0,"8"
"349210670","KROSNO","1985","08","03",21.3,"",12.1,"",16.0,"",12.1,"",.0,"9","",0,"9",.0,"9",.0,"8",.0,"9",.0,"9",.0,"9",.0,"9",.0,"9",9.7,"",.0,"9",.0,"9",.0,"9",.0,"9",.0,"9",.0,"9",.0,"9",.0,"9",5.0,"",.0,"9",0,"",0,"","",0,"8",0,"8",0,"8"
"349210670","KROSNO","1985","08","04",22.2,"",12.5,"",15.3,"",11.6,"",8.3,"","",0,"9",.0,"9",.0,"8",6.3,"",.0,"9",.0,"9",.0,"9",.7,"",11.0,"",.0,"9",.0,"9",.0,"9",.0,"9",.0,"9",.0,"9",.0,"9",.0,"9",6.0,"",.0,"9",0,"",0,"","",0,"8",0,"8",0,"8"
"349210670","KROSNO","1985","08","05",22.1,"",10.8,"",16.5,"",9.7,"",.0,"9","",0,"9",.0,"9",.0,"8",.0,"9",.0,"9",.0,"9",.0,"9",1.5,"",7.0,"",.0,"9",.0,"9",.0,"9",.0,"9",.0,"9",.0,"9",.0,"9",.0,"9",.0,"9",.0,"9",0,"",0,"","",0,"8",0,"8",0,"8"
"349210670","KROSNO","1985","08","06",25.5,"",17.0,"",21.0,"",14.4,"",.0,"9","",0,"9",.0,"9",.0,"8",.0,"9",.0,"9",.0,"9",.0,"9",.0,"9",.0,"9",.0,"9",.0,"9",.0,"9",.0,"9",.0,"9",.0,"9",.0,"9",.0,"9",.0,"9",.0,"9",0,"",0,"","",0,"8",0,"8",0,"8"
"349210670","KROSNO","1985","08","07",22.5,"",11.1,"",14.8,"",11.6,"",24.8,"","",0,"9",.0,"9",.0,"8",8.7,"",.0,"9",.0,"9",.0,"9",.0,"9",11.3,"",.0,"9",.0,"9",.0,"9",.0,"9",.0,"9",.0,"9",.0,"9",.5,"",.0,"9",.0,"9",0,"",0,"","",0,"8",0,"8",0,"8"
"349210670","KROSNO","1985","08","08",11.1,"",9.4,"",9.8,"",9.4,"",20.3,"","",0,"9",.0,"9",.0,"8",20.5,"",.0,"9",.0,"9",.0,"9",.0,"9",20.5,"",.0,"9",.0,"9",.0,"9",.0,"9",.0,"9",.0,"9",.0,"9",.0,"9",.0,"9",.0,"9",0,"",0,"","",0,"8",0,"8",0,"8"
"349210670","KROSNO","1985","08","09",17.2,"",9.1,"",12.5,"",9.1,"",.0,"9","",0,"9",.0,"9",.0,"8",.0,"9",.0,"9",.0,"9",.0,"9",.0,"9",.0,"9",.0,"9",.0,"9",.0,"9",.0,"9",.0,"9",.0,"9",.0,"9",.0,"9",4.0,"",.0,"9",0,"",0,"","",0,"8",0,"8",0,"8"
"349210670","KROSNO","1985","08","10",16.7,"",10.2,"",13.5,"",9.0,"",.5,"","",0,"9",.0,"9",.0,"8",2.2,"",.0,"9",.0,"9",.0,"9",.0,"9",11.8,"",.0,"9",.0,"9",.0,"9",.0,"9",.0,"9",.0,"9",.0,"9",.0,"9",11.0,"",.0,"9",0,"",0,"","",0,"8",0,"8",0,"8"
"349210670","KROSNO","1985","08","11",21.8,"",14.1,"",17.5,"",13.5,"",.1,"","",0,"9",.0,"9",.0,"8",2.4,"",.0,"9",.0,"9",.0,"9",.0,"9",10.8,"",.0,"9",.0,"9",.0,"9",.0,"9",.0,"9",.0,"9",.0,"9",1.1,"",.0,"9",.0,"9",0,"",0,"","",0,"8",0,"8",0,"8"
"349210670","KROSNO","1985","08","12",26.6,"",14.5,"",21.1,"",14.0,"",.0,"9","",0,"9",.0,"9",.0,"8",.0,"9",.0,"9",.0,"9",.0,"9",.0,"9",2.5,"",.0,"9",.0,"9",.0,"9",.0,"9",.0,"9",.0,"9",.0,"9",.0,"9",2.0,"",.0,"9",0,"",0,"","",0,"8",0,"8",0,"8"
"349210670","KROSNO","1985","08","13",28.2,"",15.6,"",22.1,"",15.0,"",.0,"9","",0,"9",.0,"9",.0,"8",.0,"9",.0,"9",.0,"9",.0,"9",.0,"9",5.0,"",.0,"9",.0,"9",.0,"9",.0,"9",.0,"9",.0,"9",.0,"9",.0,"9",14.0,"",.0,"9",0,"",0,"","",0,"8",0,"8",0,"8"
"349210670","KROSNO","1985","08","14",29.3,"",15.2,"",22.4,"",15.0,"",.0,"9","",0,"9",.0,"9",.0,"8",.0,"9",.0,"9",.0,"9",.0,"9",1.3,"",12.1,"",.0,"9",.0,"9",.0,"9",.0,"9",1.1,"",.0,"9",.0,"9",.0,"9",7.3,"",.0,"9",0,"",0,"","",0,"8",0,"8",0,"8"
"349210670","KROSNO","1985","08","15",30.1,"",16.3,"",23.1,"",16.1,"",.0,"9","",0,"9",.0,"9",.0,"8",.0,"9",.0,"9",.0,"9",.0,"9",.0,"9",9.5,"",.0,"9",.0,"9",.0,"9",.0,"9",.0,"9",.0,"9",.0,"9",.0,"9",11.0,"",.0,"9",0,"",0,"","",0,"8",0,"8",0,"8"
"349210670","KROSNO","1985","08","16",30.0,"",15.8,"",23.3,"",15.6,"",.0,"9","",0,"9",.0,"9",.0,"8",.0,"9",.0,"9",.0,"9",.0,"9",.0,"9",6.3,"",.0,"9",.0,"9",.0,"9",.0,"9",.0,"9",.0,"9",.0,"9",.0,"9",14.0,"",.0,"9",0,"",0,"","",0,"8",0,"8",0,"8"
"349210670","KROSNO","1985","08","17",28.5,"",16.3,"",22.0,"",15.6,"",.0,"9","",0,"9",.0,"9",.0,"8",.0,"9",.0,"9",.0,"9",.0,"9",.0,"9",8.8,"",.0,"9",.0,"9",.0,"9",.0,"9",.0,"9",.0,"9",.0,"9",.0,"9",12.0,"",.0,"9",0,"",1,"","",0,"8",0,"8",0,"8"
"349210670","KROSNO","1985","08","18",22.7,"",11.6,"",16.0,"",12.5,"",24.8,"","",0,"9",.0,"9",.0,"8",6.7,"",.0,"9",.0,"9",.0,"9",2.3,"",20.4,"",.0,"9",.0,"9",.0,"9",.0,"9",.0,"9",.0,"9",.0,"9",4.1,"",1.3,"",.0,"9",0,"",0,"","",0,"8",0,"8",0,"8"
"349210670","KROSNO","1985","08","19",16.5,"",11.1,"",13.3,"",11.0,"",1.0,"","",0,"9",.0,"9",.0,"8",3.3,"",.0,"9",.0,"9",.0,"9",.0,"9",1.5,"",.0,"9",.0,"9",.0,"9",.0,"9",.0,"9",.0,"9",.0,"9",4.9,"",.0,"9",.0,"9",0,"",0,"","",0,"8",0,"8",0,"8"
"349210670","KROSNO","1985","08","20",15.1,"",11.5,"",13.2,"",10.4,"",17.3,"","",0,"9",.0,"9",.0,"8",11.5,"",.0,"9",.0,"9",.0,"9",1.3,"",19.4,"",.0,"9",.0,"9",.0,"9",.0,"9",.0,"9",.0,"9",.0,"9",.0,"9",7.8,"",.0,"9",0,"",0,"","",0,"8",0,"8",0,"8"
"349210670","KROSNO","1985","08","21",20.8,"",13.8,"",16.8,"",13.8,"",.0,"9","",0,"9",.0,"9",.0,"8",.0,"9",.0,"9",.0,"9",.0,"9",.0,"9",6.8,"",.0,"9",.0,"9",.0,"9",.0,"9",.0,"9",.0,"9",.0,"9",.0,"9",4.0,"",.0,"9",0,"",0,"","",0,"8",0,"8",0,"8"
"349210670","KROSNO","1985","08","22",23.0,"",13.9,"",18.4,"",12.6,"",.0,"9","",0,"9",.0,"9",.0,"8",.0,"9",.0,"9",.0,"9",.0,"9",.0,"9",9.0,"",.0,"9",.0,"9",.0,"9",.0,"9",.0,"9",.0,"9",.0,"9",.0,"9",12.0,"",.0,"9",0,"",0,"","",0,"8",0,"8",0,"8"
"349210670","KROSNO","1985","08","23",23.0,"",16.2,"",18.6,"",14.2,"",.0,"","",0,"9",.0,"9",.0,"8",.1,"",.0,"9",.0,"9",.0,"9",1.2,"",13.5,"",.0,"9",.0,"9",.0,"9",.0,"9",.0,"9",.0,"9",.0,"9",.0,"9",7.0,"",.0,"9",0,"",0,"","",0,"8",0,"8",0,"8"
"349210670","KROSNO","1985","08","24",26.4,"",14.0,"",19.9,"",13.4,"",.0,"9","",0,"9",.0,"9",.0,"8",.0,"9",.0,"9",.0,"9",.0,"9",6.7,"",3.0,"",.0,"9",.0,"9",.0,"9",.0,"9",.0,"9",.0,"9",.0,"9",.0,"9",5.0,"",.0,"9",0,"",0,"","",0,"8",0,"8",0,"8"
"349210670","KROSNO","1985","08","25",28.2,"",19.1,"",24.1,"",17.5,"",.0,"9","",0,"9",.0,"9",.0,"8",.0,"9",.0,"9",.0,"9",.0,"9",.0,"9",.0,"9",.0,"9",.0,"9",.0,"9",.0,"9",.0,"9",.0,"9",.0,"9",.0,"9",5.0,"",.0,"9",0,"",0,"","",0,"8",0,"8",0,"8"
"349210670","KROSNO","1985","08","26",28.1,"",19.8,"",22.7,"",16.2,"",31.4,"","",0,"9",.0,"9",.0,"8",1.4,"",.0,"9",.0,"9",.0,"9",.0,"9",3.0,"",.0,"9",.0,"9",.0,"9",.0,"9",.0,"9",.0,"9",.0,"9",1.2,"",.0,"9",.0,"9",0,"",1,"","",0,"8",0,"8",0,"8"
"349210670","KROSNO","1985","08","27",19.8,"",11.9,"",12.6,"",12.5,"",12.2,"","",0,"9",.0,"9",.0,"8",20.7,"",.0,"9",.0,"9",.0,"9",.0,"9",19.0,"",.0,"9",.0,"9",.0,"9",.0,"9",.0,"9",.0,"9",.0,"9",1.4,"",.0,"9",.0,"9",0,"",0,"","",0,"8",0,"8",0,"8"
"349210670","KROSNO","1985","08","28",15.3,"",11.6,"",13.4,"",11.2,"",.2,"","",0,"9",.0,"9",.0,"8",9.7,"",.0,"9",.0,"9",.0,"9",.0,"9",15.7,"",.0,"9",.0,"9",.0,"9",.0,"9",.0,"9",.0,"9",.0,"9",.0,"9",.0,"9",.0,"9",0,"",0,"","",0,"8",0,"8",0,"8"
"349210670","KROSNO","1985","08","29",18.7,"",14.0,"",15.8,"",14.0,"",1.2,"","",0,"9",.0,"9",.0,"8",5.5,"",.0,"9",.0,"9",.0,"9",3.1,"",20.9,"",.0,"9",.0,"9",.0,"9",.0,"9",.0,"9",.0,"9",.0,"9",.0,"9",4.0,"",.0,"9",0,"",0,"","",0,"8",0,"8",0,"8"
"349210670","KROSNO","1985","08","30",21.6,"",14.5,"",17.3,"",14.4,"",6.0,"","",0,"9",.0,"9",.0,"8",1.8,"",.0,"9",.0,"9",.1,"",.0,"9",13.5,"",.0,"9",.0,"9",.0,"9",.0,"9",.0,"9",.0,"9",.0,"9",.4,"",2.4,"",.0,"9",0,"",0,"","",0,"8",0,"8",0,"8"
"349210670","KROSNO","1985","08","31",21.2,"",10.5,"",16.4,"",9.6,"",.2,"","",0,"9",.0,"9",.0,"8",.0,"9",.0,"9",.0,"9",.0,"9",.0,"9",9.2,"",.0,"9",.0,"9",.0,"9",.0,"9",.0,"9",.0,"9",.0,"9",.0,"9",5.0,"",.0,"9",0,"",0,"","",0,"8",0,"8",0,"8"
"349210670","KROSNO","1985","09","01",23.8,"",9.2,"",16.3,"",8.9,"",.0,"9","",0,"9",.0,"9",.0,"8",.0,"9",.0,"9",.0,"9",.0,"9",4.5,"",5.3,"",.0,"9",.0,"9",.0,"9",.0,"9",.0,"9",.0,"9",.0,"9",.0,"9",9.2,"",.0,"9",0,"",0,"","",0,"8",0,"8",0,"8"
"349210670","KROSNO","1985","09","02",21.5,"",14.9,"",17.8,"",13.8,"",.5,"","",0,"9",.0,"9",.0,"8",3.1,"",.0,"9",.0,"9",.0,"9",.0,"9",7.0,"",.0,"9",.0,"9",.0,"9",.0,"9",.0,"9",.0,"9",.0,"9",.5,"",7.3,"",.0,"9",0,"",0,"","",0,"8",0,"8",0,"8"
"349210670","KROSNO","1985","09","03",23.8,"",11.8,"",18.6,"",11.5,"",5.8,"","",0,"9",.0,"9",.0,"8",.0,"9",.0,"9",.0,"9",.0,"9",1.6,"",5.3,"",.0,"9",.0,"9",.0,"9",.0,"9",.0,"9",.0,"9",.0,"9",.0,"9",2.0,"",.0,"9",0,"",0,"","",0,"8",0,"8",0,"8"
"349210670","KROSNO","1985","09","04",19.9,"",12.3,"",13.6,"",12.0,"",5.3,"","",0,"9",.0,"9",.0,"8",8.6,"",.0,"9",.0,"9",.0,"9",.0,"9",7.8,"",.0,"9",.0,"9",.0,"9",.0,"9",.0,"9",1.1,"",.0,"9",1.8,"",.0,"9",.0,"9",0,"",0,"","",0,"8",0,"8",0,"8"
"349210670","KROSNO","1985","09","05",16.2,"",10.2,"",12.6,"",9.4,"",.0,"","",0,"9",.0,"9",.0,"8",.0,"9",.0,"9",.0,"9",.0,"9",.0,"9",.0,"9",.0,"9",.0,"9",.0,"9",.0,"9",.0,"9",.0,"9",.0,"9",.0,"9",5.0,"",.0,"9",0,"",0,"","",0,"8",0,"8",0,"8"
"349210670","KROSNO","1985","09","06",15.0,"",9.3,"",11.5,"",7.3,"",4.6,"","",0,"9",.0,"9",.0,"8",3.5,"",.0,"9",.0,"9",.0,"9",.0,"9",6.5,"",.0,"9",.0,"9",.0,"9",.0,"9",.0,"9",.0,"9",.0,"9",.0,"9",2.2,"",.0,"9",0,"",0,"","",0,"8",0,"8",0,"8"
"349210670","KROSNO","1985","09","07",11.3,"",6.3,"",7.5,"",4.4,"",.7,"","",0,"9",.0,"9",.0,"8",3.5,"",.0,"9",.0,"9",.1,"",.0,"9",.0,"9",.0,"9",.0,"9",.0,"9",.0,"9",.0,"9",3.6,"",.0,"9",.0,"9",.0,"9",.0,"9",0,"",0,"","",0,"8",0,"8",0,"8"
"349210670","KROSNO","1985","09","08",13.1,"",5.4,"",8.8,"",4.3,"",.0,"","",0,"9",.0,"9",.0,"8",.3,"",.0,"9",.0,"9",.0,"9",.0,"9",.0,"9",.0,"9",.0,"9",.0,"9",.0,"9",.0,"9",3.5,"",.0,"9",.0,"9",.0,"9",.0,"9",0,"",0,"","",0,"8",0,"8",0,"8"
"349210670","KROSNO","1985","09","09",13.0,"",6.0,"",9.4,"",4.6,"",2.5,"","",0,"9",.0,"9",.0,"8",5.1,"",.0,"9",.0,"9",.0,"9",.0,"9",2.2,"",.0,"9",.0,"9",.0,"9",.0,"9",.0,"9",.0,"9",.0,"9",.0,"9",.0,"9",.0,"9",0,"",0,"","",0,"8",0,"8",0,"8"
"349210670","KROSNO","1985","09","10",11.6,"",7.9,"",9.8,"",7.9,"",.1,"","",0,"9",.0,"9",.0,"8",7.5,"",.0,"9",.0,"9",.0,"9",.0,"9",14.5,"",.0,"9",.0,"9",.0,"9",.0,"9",.0,"9",.0,"9",.0,"9",.0,"9",2.0,"",.0,"9",0,"",0,"","",0,"8",0,"8",0,"8"
"349210670","KROSNO","1985","09","11",14.1,"",6.9,"",9.8,"",4.3,"",3.6,"","",0,"9",.0,"9",.0,"8",5.1,"",.0,"9",.0,"9",.0,"9",.0,"9",5.8,"",.0,"9",.0,"9",.0,"9",.0,"9",.0,"9",.0,"9",.0,"9",.0,"9",7.2,"",.0,"9",0,"",0,"","",0,"8",0,"8",0,"8"
"349210670","KROSNO","1985","09","12",13.6,"",7.3,"",9.5,"",6.9,"",2.6,"","",0,"9",.0,"9",.0,"8",5.4,"",.0,"9",.0,"9",.0,"9",1.1,"",6.9,"",.0,"9",.0,"9",.0,"9",.0,"9",.0,"9",.0,"9",.0,"9",.0,"9",.0,"9",.0,"9",0,"",0,"","",0,"8",0,"8",0,"8"
"349210670","KROSNO","1985","09","13",14.4,"",4.9,"",9.3,"",4.3,"",.0,"9","",0,"9",.0,"9",.0,"8",.0,"9",.0,"9",.0,"9",.0,"9",7.3,"",5.3,"",.0,"9",.0,"9",.0,"9",.0,"9",.0,"9",.0,"9",.0,"9",.0,"9",5.2,"",.0,"9",0,"",0,"","",0,"8",0,"8",0,"8"
"349210670","KROSNO","1985","09","14",16.3,"",3.0,"",9.3,"",3.0,"",.0,"9","",0,"9",.0,"9",.0,"8",.0,"9",.0,"9",.0,"9",.0,"9",8.8,"",4.7,"",.0,"9",.0,"9",.0,"9",.0,"9",.0,"9",.0,"9",.0,"9",.0,"9",5.0,"",.0,"9",0,"",0,"","",0,"8",0,"8",0,"8"
"349210670","KROSNO","1985","09","15",18.1,"",8.6,"",13.5,"",7.0,"",.0,"9","",0,"9",.0,"9",.0,"8",.0,"9",.0,"9",.0,"9",.0,"9",.0,"9",.0,"9",.0,"9",.0,"9",.0,"9",.0,"9",.0,"9",.0,"9",.0,"9",.0,"9",9.0,"",.0,"9",0,"",0,"","",0,"8",0,"8",0,"8"
"349210670","KROSNO","1985","09","16",18.8,"",10.4,"",13.9,"",7.5,"",.4,"","",0,"9",.0,"9",.0,"8",1.3,"",.0,"9",.0,"9",.0,"9",.0,"9",9.3,"",.0,"9",.0,"9",.0,"9",.0,"9",.0,"9",.0,"9",.0,"9",.0,"9",4.0,"",.0,"9",0,"",0,"","",0,"8",0,"8",0,"8"
"349210670","KROSNO","1985","09","17",16.5,"",10.5,"",13.5,"",10.2,"",.1,"","",0,"9",.0,"9",.0,"8",2.2,"",.0,"9",.0,"9",.0,"9",.0,"9",6.3,"",.0,"9",.0,"9",.0,"9",.0,"9",.0,"9",.0,"9",.0,"9",.0,"9",.0,"9",.0,"9",0,"",0,"","",0,"8",0,"8",0,"8"
"349210670","KROSNO","1985","09","18",16.3,"",11.4,"",12.9,"",9.6,"",.0,"9","",0,"9",.0,"9",.0,"8",.0,"9",.0,"9",.0,"9",.0,"9",.0,"9",3.5,"",.0,"9",.0,"9",.0,"9",.0,"9",.0,"9",3.7,"",.0,"9",.0,"9",5.0,"",.0,"9",0,"",0,"","",0,"8",0,"8",0,"8"
"349210670","KROSNO","1985","09","19",19.8,"",6.5,"",13.4,"",5.0,"",.0,"9","",0,"9",.0,"9",.0,"8",.0,"9",.0,"9",.0,"9",.0,"9",.0,"9",4.5,"",.0,"9",.0,"9",.0,"9",.0,"9",.0,"9",.0,"9",.0,"9",.0,"9",9.0,"",.0,"9",0,"",0,"","",0,"8",0,"8",0,"8"
"349210670","KROSNO","1985","09","20",23.1,"",13.2,"",17.9,"",8.5,"",.0,"9","",0,"9",.0,"9",.0,"8",.0,"9",.0,"9",.0,"9",.0,"9",.0,"9",7.3,"",.0,"9",.0,"9",.0,"9",.0,"9",.0,"9",.0,"9",.0,"9",.0,"9",10.0,"",.0,"9",0,"",0,"","",0,"8",0,"8",0,"8"
"349210670","KROSNO","1985","09","21",23.6,"",14.0,"",18.9,"",12.4,"",.0,"9","",0,"9",.0,"9",.0,"8",.0,"9",.0,"9",.0,"9",.0,"9",.0,"9",17.3,"",.0,"9",.0,"9",.0,"9",.0,"9",.0,"9",.0,"9",.0,"9",.0,"9",14.0,"",.0,"9",0,"",0,"","",0,"8",0,"8",0,"8"
"349210670","KROSNO","1985","09","22",23.0,"",15.6,"",19.1,"",13.0,"",.3,"","",0,"9",.0,"9",.0,"8",.0,"9",.0,"9",.0,"9",.0,"9",.0,"9",10.2,"",.0,"9",.0,"9",.0,"9",.0,"9",.0,"9",.0,"9",.0,"9",.0,"9",11.0,"",.0,"9",0,"",0,"","",0,"8",0,"8",0,"8"
"349210670","KROSNO","1985","09","23",19.0,"",10.3,"",14.6,"",8.5,"",.0,"","",0,"9",.0,"9",.0,"8",.8,"",.0,"9",.0,"9",.0,"9",.0,"9",.0,"9",.0,"9",.0,"9",.0,"9",.0,"9",.0,"9",.0,"9",.0,"9",.0,"9",4.6,"",.0,"9",0,"",0,"","",0,"8",0,"8",0,"8"
"349210670","KROSNO","1985","09","24",17.5,"",5.3,"",12.2,"",3.6,"",.3,"","",0,"9",.0,"9",.0,"8",1.2,"",.0,"9",.0,"9",.0,"9",.0,"9",1.5,"",.0,"9",.0,"9",.0,"9",.0,"9",.0,"9",.0,"9",.0,"9",.0,"9",8.0,"",.0,"9",0,"",0,"","",0,"8",0,"8",0,"8"
"349210670","KROSNO","1985","09","25",16.3,"",11.3,"",12.9,"",9.4,"",3.4,"","",0,"9",.0,"9",.0,"8",1.5,"",.0,"9",.0,"9",.0,"9",.0,"9",15.2,"",.0,"9",.0,"9",.0,"9",.0,"9",.0,"9",.0,"9",.0,"9",.0,"9",.0,"9",.0,"9",0,"",0,"","",0,"8",0,"8",0,"8"
"349210670","KROSNO","1985","09","26",12.7,"",7.5,"",9.8,"",5.7,"",.0,"9","",0,"9",.0,"9",.0,"8",3.2,"",.0,"9",.0,"9",.0,"9",.0,"9",2.5,"",.0,"9",.0,"9",.0,"9",.0,"9",.0,"9",.0,"9",.0,"9",.0,"9",5.0,"",.0,"9",0,"",0,"","",0,"8",0,"8",0,"8"
"349210670","KROSNO","1985","09","27",12.8,"",-.1,"",7.0,"",-.8,"",1.0,"","",0,"9",.0,"9",.0,"8",.5,"",.0,"9",.0,"9",.0,"9",5.3,"",3.5,"",.0,"9",.0,"9",.0,"9",.0,"9",.0,"9",.0,"9",.0,"9",.0,"9",2.3,"",.0,"9",0,"",0,"","",0,"8",0,"8",0,"8"
"349210670","KROSNO","1985","09","28",14.1,"",8.2,"",11.1,"",6.5,"",.3,"","",0,"9",.0,"9",.0,"8",3.9,"",.0,"9",.0,"9",.0,"9",.0,"9",12.5,"",.0,"9",.0,"9",.0,"9",.0,"9",.0,"9",.0,"9",.0,"9",.0,"9",.0,"9",.0,"9",0,"",0,"","",0,"8",0,"8",0,"8"
"349210670","KROSNO","1985","09","29",11.3,"",7.3,"",8.7,"",6.5,"",.1,"","",0,"9",.0,"9",.0,"8",.0,"9",.0,"9",.0,"9",.0,"9",.0,"9",.0,"9",.0,"9",.0,"9",.0,"9",.0,"9",.0,"9",.0,"9",.0,"9",.0,"9",.0,"9",.0,"9",0,"",0,"","",0,"8",0,"8",0,"8"
"349210670","KROSNO","1985","09","30",8.7,"",5.3,"",6.9,"",4.7,"",.0,"","",0,"9",.0,"9",.0,"8",5.1,"",.0,"9",.0,"9",.0,"9",.0,"9",8.5,"",.0,"9",.0,"9",.0,"9",.0,"9",.0,"9",.0,"9",.0,"9",.0,"9",.0,"9",.0,"9",0,"",0,"","",0,"8",0,"8",0,"8"
"349210670","KROSNO","1985","10","01",14.1,"",6.9,"",10.7,"",6.9,"",.0,"9","",0,"9",.0,"9",.0,"8",.0,"9",.0,"9",.0,"9",.0,"9",.0,"9",19.7,"",.0,"9",.0,"9",.0,"9",.0,"9",.0,"9",.0,"9",.0,"9",.0,"9",.0,"9",.0,"9",0,"",0,"","",0,"8",0,"8",0,"8"
"349210670","KROSNO","1985","10","02",17.6,"",8.9,"",13.3,"",5.8,"",.0,"9","",0,"9",.0,"9",.0,"8",.0,"9",.0,"9",.0,"9",.0,"9",.0,"9",.0,"9",.0,"9",.0,"9",.0,"9",.0,"9",3.7,"",.0,"9",.0,"9",.0,"9",8.0,"",.0,"9",0,"",0,"","",0,"8",0,"8",0,"8"
"349210670","KROSNO","1985","10","03",20.6,"",11.5,"",15.6,"",8.0,"",.0,"9","",0,"9",.0,"9",.0,"8",.0,"9",.0,"9",.0,"9",.0,"9",.0,"9",4.0,"",.0,"9",.0,"9",.0,"9",.0,"9",.0,"9",.0,"9",.0,"9",.0,"9",.0,"9",.0,"9",0,"",0,"","",0,"8",0,"8",0,"8"
"349210670","KROSNO","1985","10","04",22.0,"",12.5,"",16.6,"",8.8,"",.0,"9","",0,"9",.0,"9",.0,"8",.0,"9",.0,"9",.0,"9",.0,"9",.0,"9",7.5,"",.0,"9",.0,"9",.0,"9",.0,"9",.0,"9",.0,"9",.0,"9",.0,"9",7.0,"",.0,"9",0,"",0,"","",0,"8",0,"8",0,"8"
"349210670","KROSNO","1985","10","05",22.8,"",9.7,"",15.6,"",9.0,"",.0,"9","",0,"9",.0,"9",.0,"8",.0,"9",.0,"9",.0,"9",.0,"9",.0,"9",9.5,"",.0,"9",.0,"9",.0,"9",.0,"9",2.0,"",.0,"9",.0,"9",.0,"9",15.0,"",.0,"9",0,"",0,"","",0,"8",0,"8",0,"8"
"349210670","KROSNO","1985","10","06",21.6,"",12.5,"",16.7,"",10.7,"",.0,"9","",0,"9",.0,"9",.0,"8",.0,"9",.0,"9",.0,"9",.0,"9",.0,"9",.0,"9",.0,"9",.0,"9",.0,"9",.0,"9",.0,"9",.0,"9",.0,"9",.0,"9",14.0,"",.0,"9",0,"",0,"","",0,"8",0,"8",0,"8"
"349210670","KROSNO","1985","10","07",19.3,"",9.4,"",14.7,"",8.2,"",.1,"","",0,"9",.0,"9",.0,"8",.0,"9",.0,"9",.0,"9",.0,"9",2.8,"",17.0,"",.0,"9",.0,"9",.0,"9",.0,"9",.0,"9",.0,"9",.0,"9",.0,"9",12.3,"",.0,"9",0,"",0,"","",0,"8",0,"8",0,"8"
"349210670","KROSNO","1985","10","08",19.6,"",9.5,"",12.6,"",8.4,"",.1,"","",0,"9",.0,"9",.0,"8",.0,"9",.0,"9",.0,"9",.0,"9",17.5,"",6.5,"",.0,"9",.0,"9",.0,"9",.0,"9",.0,"9",.0,"9",.0,"9",.0,"9",.0,"9",.0,"9",0,"",0,"","",0,"8",0,"8",0,"8"
"349210670","KROSNO","1985","10","09",14.2,"",9.5,"",11.2,"",9.3,"",.6,"","",0,"9",.0,"9",.0,"8",1.3,"",.0,"9",.0,"9",.0,"9",2.2,"",.5,"",.0,"9",.0,"9",.0,"9",.0,"9",.0,"9",.0,"9",.0,"9",.0,"9",.0,"9",.0,"9",0,"",0,"","",0,"8",0,"8",0,"8"
"349210670","KROSNO","1985","10","10",14.4,"",9.3,"",10.6,"",8.0,"",1.0,"","",0,"9",.0,"9",.0,"8",2.8,"",.0,"9",.0,"9",.0,"9",.0,"9",7.8,"",.0,"9",.0,"9",.0,"9",.0,"9",.0,"9",.0,"9",.0,"9",.0,"9",.0,"9",.0,"9",0,"",0,"","",0,"8",0,"8",0,"8"
"349210670","KROSNO","1985","10","11",13.4,"",7.4,"",9.9,"",6.3,"",5.9,"","",0,"9",.0,"9",.0,"8",3.6,"",.0,"9",.0,"9",.0,"9",.0,"9",2.2,"",.0,"9",.0,"9",.0,"9",.0,"9",.0,"9",.0,"9",.0,"9",.0,"9",.0,"9",.0,"9",0,"",0,"","",0,"8",0,"8",0,"8"
"349210670","KROSNO","1985","10","12",12.5,"",8.7,"",9.7,"",7.1,"",.0,"","",0,"9",.0,"9",.0,"8",1.9,"",.0,"9",.0,"9",.0,"9",.0,"9",2.3,"",.0,"9",.0,"9",.0,"9",.0,"9",.0,"9",2.2,"",.0,"9",.0,"9",.0,"9",.0,"9",0,"",0,"","",0,"8",0,"8",0,"8"
"349210670","KROSNO","1985","10","13",9.0,"",4.1,"",5.8,"",4.6,"",4.6,"","",0,"9",.0,"9",.0,"8",9.2,"",.0,"9",.0,"9",.0,"9",.0,"9",.0,"9",.0,"9",.0,"9",.0,"9",.0,"9",.0,"9",3.5,"",.0,"9",.0,"9",.0,"9",.0,"9",0,"",0,"","",0,"8",0,"8",0,"8"
"349210670","KROSNO","1985","10","14",5.9,"",2.2,"",4.4,"",2.2,"",9.0,"","",0,"9",.0,"9",.0,"8",9.5,"",.0,"9",.0,"9",.0,"9",.0,"9",10.5,"",.0,"9",.0,"9",.0,"9",.0,"9",.0,"9",.0,"9",.0,"9",.0,"9",.0,"9",.0,"9",0,"",0,"","",0,"8",0,"8",0,"8"
"349210670","KROSNO","1985","10","15",6.6,"",2.9,"",3.9,"",2.8,"",3.0,"","",0,"9",.0,"9",.0,"8",12.2,"",.0,"9",.0,"9",.0,"9",.0,"9",5.2,"",.0,"9",.0,"9",.0,"9",.0,"9",.0,"9",.0,"9",.0,"9",.0,"9",.0,"9",.0,"9",0,"",0,"","",0,"8",0,"8",0,"8"
"349210670","KROSNO","1985","10","16",6.1,"",3.4,"",4.7,"",3.4,"",.7,"","",0,"9",.0,"9",.0,"8",1.7,"",.0,"9",.0,"9",.0,"9",.0,"9",4.5,"",.0,"9",.0,"9",.0,"9",.0,"9",.0,"9",.0,"9",.0,"9",.0,"9",.0,"9",.0,"9",0,"",0,"","",0,"8",0,"8",0,"8"
"349210670","KROSNO","1985","10","17",6.9,"",2.6,"",5.7,"",2.2,"",.8,"","",0,"9",.0,"9",.0,"8",8.7,"",.0,"9",.0,"9",.0,"9",4.3,"",15.3,"",.0,"9",.0,"9",.0,"9",.0,"9",.0,"9",.0,"9",.0,"9",.0,"9",.0,"9",.0,"9",0,"",0,"","",0,"8",0,"8",0,"8"
"349210670","KROSNO","1985","10","18",10.4,"",6.9,"",8.3,"",6.8,"",.4,"","",0,"9",.0,"9",.0,"8",.8,"",.0,"9",.0,"9",.0,"9",3.1,"",14.2,"",.0,"9",.0,"9",.0,"9",.0,"9",.0,"9",.0,"9",.0,"9",.0,"9",.0,"9",.0,"9",0,"",0,"","",0,"8",0,"8",0,"8"
"349210670","KROSNO","1985","10","19",8.7,"",5.2,"",7.1,"",3.3,"",1.3,"","",0,"9",.0,"9",.0,"8",7.8,"",.0,"9",.0,"9",.0,"9",.0,"9",10.5,"",.0,"9",.0,"9",.0,"9",.0,"9",.0,"9",.0,"9",.0,"9",.0,"9",.0,"9",.0,"9",0,"",0,"","",0,"8",0,"8",0,"8"
"349210670","KROSNO","1985","10","20",7.6,"",3.4,"",5.3,"",1.1,"",.0,"9","",0,"9",.0,"9",.0,"8",.0,"9",.0,"9",.0,"9",.0,"9",1.8,"",14.7,"",.0,"9",.0,"9",.0,"9",.0,"9",.0,"9",.0,"9",.0,"9",.0,"9",4.2,"",.0,"9",0,"",0,"","",0,"8",0,"8",0,"8"
"349210670","KROSNO","1985","10","21",9.8,"",2.9,"",4.5,"",-.3,"",.0,"9","",0,"9",.0,"9",.0,"8",.0,"9",.0,"9",.0,"9",.0,"9",6.7,"",15.3,"",.0,"9",.0,"9",.0,"9",.0,"9",.0,"9",.0,"9",.0,"9",.0,"9",5.0,"",.0,"9",0,"",0,"","",0,"8",0,"8",0,"8"
"349210670","KROSNO","1985","10","22",8.3,"",-3.5,"",1.8,"",-4.4,"",1.6,"","",0,"9",.0,"9",.0,"8",2.0,"",.0,"9",.0,"9",.0,"9",10.2,"",13.8,"",.0,"9",.0,"9",.0,"9",.0,"9",.0,"9",.0,"9",.0,"9",.0,"9",.2,"",.0,"9",0,"",0,"","",0,"8",0,"8",0,"8"
"349210670","KROSNO","1985","10","23",7.8,"",1.4,"",4.0,"",.8,"",.2,"","",0,"9",.0,"9",.0,"8",.1,"",.0,"9",.0,"9",.0,"9",3.2,"",7.3,"",.0,"9",.0,"9",.0,"9",.0,"9",.0,"9",.0,"9",.0,"9",.0,"9",4.0,"",.0,"9",0,"",0,"","",0,"8",0,"8",0,"8"
"349210670","KROSNO","1985","10","24",4.7,"",-1.1,"",2.8,"",-2.9,"",.0,"","",0,"9",.0,"9",.0,"8",3.7,"",.0,"9",.0,"9",.0,"9",4.3,"",19.7,"",.0,"9",.0,"9",.0,"9",.0,"9",.0,"9",.0,"9",.0,"9",.0,"9",.7,"",.0,"9",0,"",0,"","",0,"8",0,"8",0,"8"
"349210670","KROSNO","1985","10","25",6.7,"",3.5,"",4.9,"",.0,"",.0,"9","",0,"9",.0,"9",.0,"8",4.5,"",.0,"9",.0,"9",.0,"9",.0,"9",20.6,"",.0,"9",.0,"9",.0,"9",.0,"9",.0,"9",.0,"9",.0,"9",.0,"9",7.0,"",.0,"9",0,"",0,"","",0,"8",0,"8",0,"8"
"349210670","KROSNO","1985","10","26",6.6,"",2.5,"",4.0,"",-2.2,"",.0,"9","",0,"9",.0,"9",.0,"8",.0,"9",.0,"9",.0,"9",.0,"9",.0,"9",16.2,"",.0,"9",.0,"9",.0,"9",.0,"9",.0,"9",.0,"9",.0,"9",.0,"9",9.0,"",.0,"9",0,"",0,"","",0,"8",0,"8",0,"8"
"349210670","KROSNO","1985","10","27",7.0,"",-.5,"",2.5,"",-2.9,"",.0,"9","",0,"9",.0,"9",.0,"8",.0,"9",.0,"9",.0,"9",.0,"9",2.3,"",21.8,"",.0,"9",.0,"9",.0,"9",.0,"9",.0,"9",.0,"9",.0,"9",.0,"9",15.8,"",.0,"9",0,"",0,"","",0,"8",0,"8",0,"8"
"349210670","KROSNO","1985","10","28",2.3,"",-2.8,"",.6,"",-3.0,"",.0,"","",0,"9",.0,"9",.0,"8",.0,"9",.4,"",.0,"9",.0,"9",8.8,"",15.2,"",.0,"9",.0,"9",.0,"9",.0,"9",.0,"9",.0,"9",.0,"9",.0,"9",.0,"9",.0,"9",0,"",0,"","",0,"8",0,"8",0,"8"
"349210670","KROSNO","1985","10","29",3.1,"",-1.0,"",1.3,"",-1.4,"",.1,"","S",0,"9",.0,"9",.0,"8",.0,"9",.9,"",.0,"9",.0,"9",.0,"9",21.8,"",.0,"9",.0,"9",.0,"9",.0,"9",.0,"9",.0,"9",.0,"9",.0,"9",.0,"9",.0,"9",0,"",0,"","",0,"8",0,"8",0,"8"
"349210670","KROSNO","1985","10","30",2.4,"",-3.4,"",-.3,"",-3.4,"",.0,"9","",0,"9",.0,"9",.0,"8",.0,"9",.0,"9",.0,"9",.0,"9",7.3,"",15.3,"",.0,"9",.0,"9",.0,"9",.0,"9",.0,"9",.0,"9",.0,"9",.0,"9",5.0,"",.0,"9",0,"",0,"","",0,"8",0,"8",0,"8"
"349210670","KROSNO","1985","10","31",9.1,"",.0,"",6.0,"",-1.5,"",3.4,"","",0,"9",.0,"9",.0,"8",3.1,"",.0,"9",.0,"9",.0,"9",.0,"9",11.3,"",.0,"9",.0,"9",.0,"9",.0,"9",.0,"9",3.7,"",.0,"9",.0,"9",2.0,"",.0,"9",0,"",0,"","",0,"8",0,"8",0,"8"
"349210670","KROSNO","1985","11","01",8.6,"",4.0,"",5.0,"",3.4,"",.1,"","",0,"9",.0,"9",.0,"8",.0,"9",.0,"9",.0,"9",.0,"9",2.5,"",21.5,"",.0,"9",.0,"9",.0,"9",.0,"9",.0,"9",.0,"9",.0,"9",.0,"9",.0,"9",.0,"9",0,"",0,"","",0,"8",0,"8",0,"8"
"349210670","KROSNO","1985","11","02",7.2,"",4.8,"",6.0,"",4.8,"",4.3,"","",0,"9",.0,"9",.0,"8",11.0,"",.0,"9",.0,"9",.0,"9",.0,"9",12.8,"",.0,"9",.0,"9",.0,"9",.0,"9",.0,"9",.0,"9",.0,"9",.0,"9",.0,"9",.0,"9",0,"",0,"","",0,"8",0,"8",0,"8"
"349210670","KROSNO","1985","11","03",7.7,"",.5,"",3.4,"",-1.0,"",.0,"","",0,"9",.0,"9",.0,"8",.3,"",.0,"9",.0,"9",.0,"9",.0,"9",.0,"9",.0,"9",.0,"9",.0,"9",.0,"9",.0,"9",.0,"9",.0,"9",.0,"9",6.0,"",.0,"9",0,"",0,"","",0,"8",0,"8",0,"8"
"349210670","KROSNO","1985","11","04",8.0,"",-3.0,"",2.6,"",-4.8,"",.0,"9","",0,"9",.0,"9",.0,"8",.0,"9",.0,"9",.0,"9",.0,"9",.8,"",10.3,"",.0,"9",.0,"9",.0,"9",.0,"9",.0,"9",.0,"9",.0,"9",.0,"9",12.5,"",.0,"9",0,"",0,"","",0,"8",0,"8",0,"8"
"349210670","KROSNO","1985","11","05",10.6,"",.6,"",6.6,"",-.5,"",2.3,"","",0,"9",.0,"9",.0,"8",.0,"9",.0,"9",.0,"9",.0,"9",.0,"9",.0,"9",.0,"9",.0,"9",.0,"9",.0,"9",.0,"9",6.9,"",.0,"9",.0,"9",9.0,"",.0,"9",0,"",0,"","",0,"8",0,"8",0,"8"
"349210670","KROSNO","1985","11","06",8.5,"",4.3,"",5.9,"",4.1,"",8.5,"","",0,"9",.0,"9",.0,"8",9.3,"",.0,"9",.0,"9",.0,"9",.0,"9",.0,"9",.0,"9",.0,"9",.0,"9",.0,"9",.0,"9",4.0,"",.0,"9",.0,"9",.0,"9",.0,"9",0,"",0,"","",0,"8",0,"8",0,"8"
"349210670","KROSNO","1985","11","07",7.2,"",1.7,"",3.8,"",-.7,"",1.5,"","",0,"9",.0,"9",.0,"8",.8,"",.0,"9",.0,"9",.0,"9",.0,"9",.0,"9",.0,"9",.0,"9",.0,"9",.0,"9",.0,"9",.0,"9",.0,"9",.0,"9",.0,"9",.0,"9",0,"",0,"","",0,"8",0,"8",0,"8"
"349210670","KROSNO","1985","11","08",7.7,"",3.0,"",4.7,"",-.2,"",.0,"","",0,"9",.0,"9",.0,"8",2.2,"",.0,"9",.0,"9",.0,"9",.0,"9",.0,"9",.0,"9",.0,"9",.0,"9",.0,"9",.0,"9",.0,"9",.0,"9",.0,"9",.0,"9",.0,"9",0,"",0,"","",0,"8",0,"8",0,"8"
"349210670","KROSNO","1985","11","09",9.4,"",2.6,"",6.7,"",.1,"",.0,"","",0,"9",.0,"9",.0,"8",.3,"",.0,"9",.0,"9",.0,"9",.0,"9",.0,"9",.0,"9",.0,"9",.0,"9",.0,"9",.0,"9",13.8,"",3.3,"",.0,"9",.0,"9",.0,"9",0,"",0,"","",0,"8",0,"8",0,"8"
"349210670","KROSNO","1985","11","10",9.7,"",6.8,"",8.0,"",6.0,"",2.5,"","",0,"9",.0,"9",.0,"8",5.0,"",.0,"9",.0,"9",.0,"9",.0,"9",1.7,"",.0,"9",.0,"9",.0,"9",.0,"9",.0,"9",7.8,"",1.3,"",.0,"9",.0,"9",.0,"9",0,"",0,"","",0,"8",0,"8",0,"8"
"349210670","KROSNO","1985","11","11",7.4,"",1.4,"",3.8,"",-2.5,"",.0,"","",0,"9",.0,"9",.0,"8",3.1,"",.0,"9",.0,"9",.0,"9",.0,"9",3.5,"",.0,"9",.0,"9",.0,"9",.0,"9",.0,"9",.0,"9",.0,"9",.0,"9",3.0,"",.0,"9",0,"",0,"","",0,"8",0,"8",0,"8"
"349210670","KROSNO","1985","11","12",1.9,"",-3.0,"",.1,"",-5.1,"",.0,"9","",0,"9",.0,"9",.0,"8",.0,"9",.0,"9",.0,"9",.0,"9",.0,"9",.0,"9",.0,"9",.0,"9",.0,"9",.0,"9",.0,"9",.0,"9",.0,"9",.0,"9",9.0,"",.0,"9",0,"",0,"","",0,"8",0,"8",0,"8"
"349210670","KROSNO","1985","11","13",1.4,"",-.6,"",.4,"",-1.4,"",4.8,"","S",0,"9",.0,"9",.0,"8",.1,"",10.3,"",.4,"",.0,"9",.0,"9",15.0,"",.0,"9",.0,"9",.0,"9",.0,"9",.0,"9",.0,"9",.0,"9",.0,"9",.0,"9",.0,"9",0,"",0,"","",0,"8",0,"8",0,"8"
"349210670","KROSNO","1985","11","14",.2,"",-.6,"",-.3,"",-1.4,"",14.0,"","S",0,"9",.0,"9",.0,"8",.0,"9",21.8,"",.0,"9",.0,"9",5.9,"",18.1,"",.0,"9",.0,"9",3.5,"",.0,"9",.0,"9",.0,"9",.0,"9",.0,"9",.0,"9",.0,"9",0,"",0,"","",0,"8",0,"8",0,"8"
"349210670","KROSNO","1985","11","15",-.4,"",-3.3,"",-2.0,"",-2.6,"",.6,"","S",24,"",1.0,"",.0,"8",.0,"9",19.0,"",.0,"9",.0,"9",.0,"9",24.0,"",.0,"9",.0,"9",5.3,"",.0,"9",.0,"9",.0,"9",.0,"9",.0,"9",.0,"9",.0,"9",1,"",0,"","",0,"8",0,"8",0,"8"
"349210670","KROSNO","1985","11","16",-1.8,"",-5.2,"",-3.4,"",-7.4,"",.0,"","",26,"",.0,"8",.0,"8",.0,"9",8.9,"",.0,"9",.0,"9",4.3,"",19.7,"",3.3,"",.0,"9",.0,"9",.0,"9",.0,"9",.0,"9",.0,"9",.0,"9",.0,"9",.0,"9",1,"",0,"","",0,"8",0,"8",0,"8"
"349210670","KROSNO","1985","11","17",-4.2,"",-6.2,"",-5.5,"",-14.9,"",.3,"","S",26,"",.0,"8",.0,"8",.0,"9",6.3,"",.0,"9",.0,"9",.0,"9",24.0,"",2.7,"",.0,"9",.0,"9",.8,"",.0,"9",.0,"9",.0,"9",.0,"9",.0,"9",.0,"9",1,"",0,"","",0,"8",0,"8",0,"8"
"349210670","KROSNO","1985","11","18",-4.9,"",-7.6,"",-5.6,"",-7.0,"",.0,"9","",22,"",.0,"8",.0,"8",.0,"9",1.7,"",.0,"9",.0,"9",.0,"9",17.8,"",.0,"9",.0,"9",8.5,"",.0,"9",.0,"9",8.5,"",.0,"9",.0,"9",.0,"9",.0,"9",1,"",0,"","",0,"8",0,"8",0,"8"
"349210670","KROSNO","1985","11","19",-4.4,"",-6.0,"",-5.2,"",-7.9,"",1.4,"","S",15,"",.0,"8",.0,"8",.0,"9",7.3,"",.0,"9",.0,"9",.0,"9",7.3,"",.0,"9",.0,"9",24.0,"",.0,"9",.0,"9",17.2,"",.0,"9",.0,"9",.0,"9",.0,"9",1,"",0,"","",0,"8",0,"8",0,"8"
"349210670","KROSNO","1985","11","20",-3.5,"",-5.6,"",-4.7,"",-6.4,"",.0,"","",18,"",1.7,"",.0,"8",.0,"9",2.4,"",.0,"9",.0,"9",.0,"9",24.0,"",.0,"9",.0,"9",5.6,"",.0,"9",.0,"9",.0,"9",.0,"9",.0,"9",.0,"9",.0,"9",1,"",0,"","",0,"8",0,"8",0,"8"
"349210670","KROSNO","1985","11","21",4.5,"",-5.3,"",-.1,"",-6.5,"",.0,"9","",19,"",.0,"8",.0,"8",.0,"9",.9,"",.0,"9",.0,"9",.0,"9",8.7,"",.0,"9",.0,"9",.0,"9",.0,"9",.0,"9",.0,"9",.0,"9",.0,"9",.0,"9",.0,"9",1,"",0,"","",0,"8",0,"8",0,"8"
"349210670","KROSNO","1985","11","22",4.8,"",-1.8,"",1.0,"",-2.5,"",.0,"9","",18,"",.0,"8",.0,"8",.0,"9",.0,"9",.0,"9",.0,"9",4.2,"",3.5,"",.0,"9",.0,"9",.0,"9",.0,"9",.0,"9",.0,"9",.0,"9",.0,"9",.0,"9",.0,"9",1,"",0,"","",0,"8",0,"8",0,"8"
"349210670","KROSNO","1985","11","23",1.9,"",-1.5,"",-1.1,"",-1.7,"",.0,"9","",6,"",2.3,"",.0,"8",.0,"9",.0,"9",.0,"9",.0,"9",2.7,"",21.3,"",.0,"9",.0,"9",.0,"9",.0,"9",.0,"9",.0,"9",.0,"9",.0,"9",.0,"9",.0,"9",1,"",0,"","",0,"8",0,"8",0,"8"
"349210670","KROSNO","1985","11","24",-.9,"",-2.2,"",-2.0,"",-2.9,"",1.6,"","S",6,"",.0,"8",.0,"8",.0,"9",4.7,"",.0,"9",.0,"9",1.4,"",22.6,"",.0,"9",.0,"9",.0,"9",.0,"9",.0,"9",.0,"9",.0,"9",.0,"9",.0,"9",.0,"9",1,"",0,"","",0,"8",0,"8",0,"8"
"349210670","KROSNO","1985","11","25",-1.7,"",-3.4,"",-2.5,"",-3.5,"",1.4,"","S",8,"",1.6,"",.0,"8",.0,"9",18.8,"",.0,"9",.0,"9",.0,"9",24.0,"",.0,"9",.0,"9",.0,"9",.0,"9",.0,"9",.0,"9",.0,"9",.0,"9",.0,"9",.0,"9",1,"",0,"","",0,"8",0,"8",0,"8"
"349210670","KROSNO","1985","11","26",-1.5,"",-3.2,"",-2.5,"",-3.5,"",1.1,"","S",12,"",.0,"8",.0,"8",.0,"9",24.0,"",.0,"9",.0,"9",.0,"9",24.0,"",.0,"9",.0,"9",.0,"9",.0,"9",.0,"9",.0,"9",.0,"9",.0,"9",.0,"9",.0,"9",1,"",0,"","",0,"8",0,"8",0,"8"
"349210670","KROSNO","1985","11","27",-2.3,"",-4.0,"",-3.5,"",-6.1,"",.0,"","",15,"",.0,"8",.0,"8",.0,"9",10.4,"",.0,"9",.0,"9",.0,"9",24.0,"",.0,"9",.0,"9",.0,"9",.0,"9",.0,"9",.0,"9",.0,"9",.0,"9",.0,"9",.0,"9",1,"",0,"","",0,"8",0,"8",0,"8"
"349210670","KROSNO","1985","11","28",-2.1,"",-10.1,"",-4.4,"",-12.8,"",.0,"","",15,"",.0,"8",.0,"8",.0,"9",.1,"",.0,"9",.0,"9",6.2,"",9.3,"",9.2,"",.0,"9",.8,"",.0,"9",.0,"9",.0,"9",.0,"9",.0,"9",.0,"9",.0,"9",1,"",0,"","",0,"8",0,"8",0,"8"
"349210670","KROSNO","1985","11","29",.1,"",-3.5,"",-2.4,"",-5.9,"",.0,"","",15,"",.0,"8",.0,"8",.0,"9",.2,"",.0,"9",.0,"9",.0,"9",2.8,"",.0,"9",.0,"9",.8,"",.0,"9",.0,"9",.0,"9",.0,"9",.0,"9",.0,"9",.0,"9",1,"",0,"","",0,"8",0,"8",0,"8"
"349210670","KROSNO","1985","11","30",-1.5,"",-6.1,"",-4.1,"",-8.3,"",.1,"","",15,"",1.5,"",.0,"8",.0,"9",.0,"9",.0,"9",.0,"9",.0,"9",4.6,"",.0,"9",.0,"9",.0,"9",.0,"9",.0,"9",.0,"9",.0,"9",.0,"9",.0,"9",.0,"9",1,"",0,"","",0,"8",0,"8",0,"8"
"349210670","KROSNO","1985","12","01",-5.0,"",-11.5,"",-8.1,"",-15.8,"",1.1,"","S",15,"",.0,"8",.0,"8",.0,"9",.0,"9",.0,"9",.0,"9",16.6,"",7.5,"",20.7,"",.0,"9",.0,"9",.0,"9",.0,"9",.0,"9",.0,"9",.0,"9",.0,"9",.0,"9",1,"",0,"","",0,"8",0,"8",0,"8"
"349210670","KROSNO","1985","12","02",.4,"",-10.0,"",-2.6,"",-12.8,"",13.9,"","S",16,"",.0,"8",.0,"8",17.3,"",4.0,"",.0,"9",.0,"9",.3,"",23.7,"",2.8,"",17.3,"",.0,"9",.0,"9",.0,"9",.0,"9",.0,"9",.0,"9",.0,"9",.0,"9",1,"",0,"","",0,"8",0,"8",0,"8"
"349210670","KROSNO","1985","12","03",1.8,"",.1,"",.9,"",.1,"",1.9,"","",14,"",.0,"8",.0,"8",9.2,"",.0,"9",.0,"9",.0,"9",.0,"9",9.2,"",.0,"9",17.8,"",.0,"9",.0,"9",.0,"9",3.2,"",.0,"9",.0,"9",.0,"9",.0,"9",1,"",0,"","",0,"8",0,"8",0,"8"
"349210670","KROSNO","1985","12","04",4.4,"",1.2,"",2.8,"",1.1,"",.0,"","",10,"",3.2,"",.0,"8",2.9,"",.0,"9",.0,"9",.0,"9",.0,"9",13.5,"",.0,"9",.0,"9",.0,"9",.0,"9",.0,"9",.6,"",.0,"9",.0,"9",.0,"9",.0,"9",1,"",0,"","",0,"8",0,"8",0,"8"
"349210670","KROSNO","1985","12","05",6.1,"",2.7,"",4.5,"",1.5,"",.0,"9","",0,"9",.0,"9",.0,"8",.0,"9",.0,"9",.0,"9",.0,"9",.0,"9",18.8,"",.0,"9",.0,"9",.0,"9",.0,"9",.0,"9",6.4,"",.0,"9",.0,"9",.0,"9",.0,"9",0,"",0,"","",0,"8",0,"8",0,"8"
"349210670","KROSNO","1985","12","06",7.5,"",3.8,"",5.2,"",3.7,"",.0,"9","",0,"9",.0,"9",.0,"8",.0,"9",.0,"9",.0,"9",.0,"9",.0,"9",13.2,"",.0,"9",.0,"9",.0,"9",.0,"9",.0,"9",12.4,"",.0,"9",.0,"9",.0,"9",.0,"9",0,"",0,"","",0,"8",0,"8",0,"8"
"349210670","KROSNO","1985","12","07",6.7,"",2.2,"",4.1,"",.1,"",.0,"9","",0,"9",.0,"9",.0,"8",.0,"9",.0,"9",.0,"9",.0,"9",.0,"9",4.8,"",.0,"9",.0,"9",.0,"9",.0,"9",.0,"9",3.1,"",.0,"9",.0,"9",.0,"9",.0,"9",0,"",0,"","",0,"8",0,"8",0,"8"
"349210670","KROSNO","1985","12","08",7.8,"",4.5,"",6.1,"",3.6,"",.0,"","",0,"9",.0,"9",.0,"8",.0,"9",.0,"9",.0,"9",.0,"9",.0,"9",18.6,"",.0,"9",.0,"9",.0,"9",.0,"9",.0,"9",.0,"9",.0,"9",.0,"9",.0,"9",.0,"9",0,"",0,"","",0,"8",0,"8",0,"8"
"349210670","KROSNO","1985","12","09",9.0,"",5.5,"",7.5,"",5.0,"",.0,"9","",0,"9",.0,"9",.0,"8",.9,"",.0,"9",.0,"9",.0,"9",.0,"9",14.8,"",.0,"9",.0,"9",.0,"9",.0,"9",.0,"9",.0,"9",.0,"9",.0,"9",.0,"9",.0,"9",0,"",0,"","",0,"8",0,"8",0,"8"
"349210670","KROSNO","1985","12","10",8.6,"",5.1,"",6.3,"",3.7,"",.1,"","",0,"9",.0,"9",.0,"8",2.3,"",.0,"9",.0,"9",.0,"9",.0,"9",11.4,"",.0,"9",.0,"9",.0,"9",.0,"9",.0,"9",2.4,"",.0,"9",.0,"9",.0,"9",.0,"9",0,"",0,"","",0,"8",0,"8",0,"8"
"349210670","KROSNO","1985","12","11",5.5,"",3.1,"",3.8,"",3.5,"",.6,"","",0,"9",.0,"9",.0,"8",23.6,"",.0,"9",.0,"9",.0,"9",9.8,"",13.8,"",.0,"9",.0,"9",.0,"9",.0,"9",.0,"9",.0,"9",.0,"9",.0,"9",.0,"9",.8,"",0,"",0,"","",0,"8",0,"8",0,"8"
"349210670","KROSNO","1985","12","12",5.6,"",3.3,"",4.3,"",3.6,"",.0,"","",0,"9",.0,"9",.0,"8",7.1,"",.0,"9",.0,"9",.0,"9",.0,"9",24.0,"",.0,"9",.0,"9",.0,"9",.0,"9",.0,"9",.0,"9",.0,"9",.0,"9",.0,"9",.0,"9",0,"",0,"","",0,"8",0,"8",0,"8"
"349210670","KROSNO","1985","12","13",3.3,"",2.4,"",2.7,"",2.0,"",.0,"9","",0,"9",.0,"9",.0,"8",.0,"9",.0,"9",.0,"9",.0,"9",.0,"9",16.7,"",.0,"9",.0,"9",.0,"9",.0,"9",.0,"9",.0,"9",.0,"9",.0,"9",.0,"9",.0,"9",0,"",0,"","",0,"8",0,"8",0,"8"
"349210670","KROSNO","1985","12","14",3.2,"",.3,"",1.4,"",-.7,"",5.3,"","S",0,"9",.0,"9",.0,"8",.8,"",2.0,"",.5,"",.0,"9",.0,"9",13.2,"",.0,"9",.0,"9",.0,"9",.0,"9",.0,"9",.5,"",.0,"9",.0,"9",.0,"9",.0,"9",0,"",0,"","",0,"8",0,"8",0,"8"
"349210670","KROSNO","1985","12","15",5.3,"",.5,"",2.4,"",.3,"",27.3,"","",0,"9",.0,"9",.0,"8",11.9,"",.9,"",3.6,"",.0,"9",.0,"9",5.0,"",.0,"9",.0,"9",.0,"9",.0,"9",.0,"9",.0,"9",.0,"9",.0,"9",.0,"9",.0,"9",0,"",0,"","",0,"8",0,"8",0,"8"
"349210670","KROSNO","1985","12","16",7.2,"",2.0,"",5.6,"",1.6,"",16.9,"","",0,"9",.0,"9",.0,"8",12.1,"",.0,"9",.0,"9",.0,"9",.0,"9",4.3,"",.0,"9",.0,"9",.0,"9",.0,"9",.0,"9",5.9,"",.0,"9",.0,"9",.0,"9",.0,"9",0,"",0,"","",0,"8",0,"8",0,"8"
"349210670","KROSNO","1985","12","17",6.3,"",.1,"",3.2,"",.5,"",4.6,"","S",0,"9",.0,"9",.0,"8",13.9,"",2.3,"",.0,"9",.0,"9",.0,"9",2.3,"",.0,"9",.0,"9",.0,"9",.0,"9",.0,"9",11.3,"",.0,"9",.0,"9",.0,"9",.0,"9",0,"",0,"","",0,"8",0,"8",0,"8"
"349210670","KROSNO","1985","12","18",.2,"",-5.5,"",-4.0,"",-8.2,"",.1,"","S",0,"9",.0,"9",.0,"8",.0,"9",1.3,"",.0,"9",.0,"9",.0,"9",.0,"9",.0,"9",.0,"9",.0,"9",.0,"9",.0,"9",.0,"9",.0,"9",.0,"9",.0,"9",.0,"9",0,"",0,"","",0,"8",0,"8",0,"8"
"349210670","KROSNO","1985","12","19",.1,"",-6.3,"",-2.8,"",-8.5,"",9.7,"","S",0,"9",.0,"9",.0,"8",.0,"9",15.5,"",.0,"9",.0,"9",.0,"9",10.4,"",.0,"9",.0,"9",7.8,"",.0,"9",.0,"9",.0,"9",.0,"9",.0,"9",.0,"9",.0,"9",0,"",0,"","",0,"8",0,"8",0,"8"
"349210670","KROSNO","1985","12","20",1.4,"",-3.0,"",-.3,"",-3.2,"",3.1,"","S",10,"",1.3,"",.0,"8",.0,"9",9.8,"",.0,"9",.0,"9",.0,"9",6.3,"",.0,"9",.0,"9",1.6,"",.0,"9",.0,"9",.0,"9",.0,"9",.0,"9",.0,"9",.0,"9",1,"",0,"","",0,"8",0,"8",0,"8"
"349210670","KROSNO","1985","12","21",3.5,"",-1.8,"",1.1,"",-1.8,"",.4,"","",5,"",2.2,"",.0,"8",3.3,"",.1,"",.0,"9",.0,"9",.0,"9",10.1,"",.0,"9",.0,"9",.0,"9",.0,"9",.0,"9",.0,"9",.0,"9",.0,"9",.0,"9",.0,"9",1,"",0,"","",0,"8",0,"8",0,"8"
"349210670","KROSNO","1985","12","22",1.7,"",-.4,"",.9,"",-.4,"",.0,"9","",4,"",.0,"9",.0,"8",.0,"9",.0,"9",.0,"9",.0,"9",.0,"9",.0,"9",.0,"9",.0,"9",.0,"9",.0,"9",.0,"9",3.9,"",.0,"9",.0,"9",.0,"9",.0,"9",1,"",0,"","",0,"8",0,"8",0,"8"
"349210670","KROSNO","1985","12","23",3.2,"",.5,"",1.6,"",-2.2,"",.0,"9","",3,"",.0,"9",.0,"8",.0,"9",.0,"9",.0,"9",.0,"9",.0,"9",.0,"9",.0,"9",.0,"9",.0,"9",.0,"9",.0,"9",6.3,"",.0,"9",.0,"9",.0,"9",.0,"9",1,"",0,"","",0,"8",0,"8",0,"8"
"349210670","KROSNO","1985","12","24",.9,"",-2.3,"",-1.2,"",-6.1,"",.0,"9","",3,"",.0,"9",.0,"8",.0,"9",.0,"9",.0,"9",.0,"9",.0,"9",4.3,"",.0,"9",.0,"9",.0,"9",.0,"9",.0,"9",.0,"9",.0,"9",.0,"9",.0,"9",.0,"9",1,"",0,"","",0,"8",0,"8",0,"8"
"349210670","KROSNO","1985","12","25",.6,"",-2.2,"",-.5,"",-3.9,"",.0,"9","",3,"",.0,"9",.0,"8",.0,"9",.0,"9",.0,"9",.0,"9",.0,"9",11.0,"",.0,"9",.0,"9",.0,"9",.0,"9",.0,"9",6.1,"",.0,"9",.0,"9",.0,"9",.0,"9",1,"",0,"","",0,"8",0,"8",0,"8"
"349210670","KROSNO","1985","12","26",2.8,"",-.2,"",1.3,"",-2.0,"",.0,"","",3,"",.0,"9",.0,"8",3.3,"",.0,"9",.0,"9",.0,"9",.0,"9",10.3,"",.0,"9",.0,"9",.0,"9",.0,"9",.0,"9",.0,"9",.0,"9",.0,"9",.0,"9",.0,"9",1,"",0,"","",0,"8",0,"8",0,"8"
"349210670","KROSNO","1985","12","27",3.7,"",1.2,"",1.9,"",.6,"",.0,"","",3,"",.0,"9",.0,"8",1.8,"",.0,"9",.0,"9",.0,"9",.0,"9",5.5,"",.0,"9",.0,"9",.0,"9",.0,"9",.0,"9",.0,"9",.0,"9",.0,"9",.0,"9",.0,"9",1,"",0,"","",0,"8",0,"8",0,"8"
"349210670","KROSNO","1985","12","28",3.4,"",.5,"",2.4,"",-.4,"",.0,"9","",0,"9",.0,"9",.0,"8",.0,"9",.0,"9",.0,"9",.0,"9",.0,"9",9.7,"",.0,"9",.0,"9",.0,"9",.0,"9",.0,"9",.0,"9",.0,"9",.0,"9",.0,"9",.0,"9",0,"",0,"","",0,"8",0,"8",0,"8"
"349210670","KROSNO","1985","12","29",7.9,"",3.4,"",5.9,"",.9,"",8.9,"","S",0,"9",.0,"9",.0,"8",7.6,"",1.0,"",.0,"9",.0,"9",.0,"9",8.7,"",.0,"9",.0,"9",.0,"9",.0,"9",.0,"9",3.8,"",.0,"9",.0,"9",.0,"9",.0,"9",0,"",0,"","",0,"8",0,"8",0,"8"
"349210670","KROSNO","1985","12","30",5.8,"",-5.3,"",-3.7,"",-7.9,"",.1,"","S",0,"9",.0,"9",.0,"8",.0,"9",4.5,"",.0,"9",.0,"9",.0,"9",14.8,"",.0,"9",.0,"9",.0,"9",.0,"9",.0,"9",5.9,"",.0,"9",.0,"9",.0,"9",.0,"9",0,"",0,"","",0,"8",0,"8",0,"8"
"349210670","KROSNO","1985","12","31",-3.9,"",-7.6,"",-5.3,"",-9.1,"",.9,"","S",0,"9",.0,"9",.0,"8",.0,"9",7.2,"",.0,"9",.0,"9",.0,"9",9.5,"",.0,"9",.0,"9",.0,"9",.0,"9",.0,"9",.0,"9",.0,"9",.0,"9",.0,"9",.0,"9",0,"",0,"","",0,"8",0,"8",0,"8"
