"349200660","NOWY S¥CZ","2004","01","01",.8,"",-2.5,"",-1.0,"",-2.8,"",4.4,"","S",8,"",1.8,"",.0,"9",.0,"9",23.8,"",.2,"",.0,"9",.0,"9",24.0,"",.0,"9",.0,"9",.0,"9",.0,"9",.0,"9",.0,"9",.0,"9",.0,"9",.0,"9",.0,"9",1,"",0,"","",0,"8",0,"8",0,"8"
"349200660","NOWY S¥CZ","2004","01","02",-2.1,"",-4.8,"",-3.9,"",-5.8,"",.9,"","S",15,"",.0,"8",.0,"9",.0,"9",19.1,"",.0,"9",.0,"9",.0,"9",8.5,"",.0,"9",.0,"9",.0,"9",.0,"9",.0,"9",.0,"9",.0,"9",.0,"9",.0,"9",.0,"9",1,"",0,"","",0,"8",0,"8",0,"8"
"349200660","NOWY S¥CZ","2004","01","03",-4.3,"",-8.2,"",-6.9,"",-8.5,"",.8,"","S",15,"",.0,"8",.0,"9",.0,"9",19.6,"",.0,"9",.0,"9",.0,"9",17.5,"",.0,"9",.0,"9",.0,"9",.0,"9",.0,"9",.0,"9",.0,"9",.0,"9",.0,"9",.0,"9",1,"",0,"","",0,"8",0,"8",0,"8"
"349200660","NOWY S¥CZ","2004","01","04",-6.8,"",-10.0,"",-9.1,"",-10.0,"",.3,"","S",15,"",.0,"8",.0,"9",.0,"9",24.0,"",.0,"9",.0,"9",.0,"9",24.0,"",.0,"9",.0,"9",.0,"9",.0,"9",.0,"9",.0,"9",.0,"9",.0,"9",.0,"9",.0,"9",1,"",0,"","",0,"8",0,"8",0,"8"
"349200660","NOWY S¥CZ","2004","01","05",-7.1,"",-10.4,"",-9.3,"",-12.2,"",1.4,"","S",18,"",1.2,"",.0,"9",.0,"9",19.3,"",.0,"9",.0,"9",.0,"9",24.0,"",.0,"9",.0,"9",.0,"9",.0,"9",.0,"9",.0,"9",.0,"9",.0,"9",.0,"9",.0,"9",1,"",0,"","",0,"8",0,"8",0,"8"
"349200660","NOWY S¥CZ","2004","01","06",-5.8,"",-13.2,"",-9.9,"",-17.9,"",.4,"","S",18,"",.0,"8",.0,"9",.0,"9",14.6,"",.0,"9",.0,"9",.0,"9",24.0,"",.0,"9",.0,"9",.0,"9",.0,"9",.0,"9",.0,"9",.0,"9",.0,"9",.0,"9",.0,"9",1,"",0,"","",0,"8",0,"8",0,"8"
"349200660","NOWY S¥CZ","2004","01","07",-5.2,"",-15.9,"",-10.5,"",-17.4,"",.0,"9","",16,"",.0,"8",.0,"9",.0,"9",1.2,"",.0,"9",.0,"9",6.8,"",15.1,"",.0,"9",.0,"9",.0,"9",.0,"9",2.2,"",.0,"9",.0,"9",.0,"9",.0,"9",.0,"9",1,"",0,"","",0,"8",0,"8",0,"8"
"349200660","NOWY S¥CZ","2004","01","08",-6.5,"",-16.1,"",-12.4,"",-20.6,"",.0,"9","",14,"",.0,"8",5.3,"",.0,"9",.0,"9",.0,"9",.0,"9",13.6,"",9.4,"",5.2,"",.0,"9",.0,"9",.0,"9",1.0,"",.0,"9",.0,"9",.0,"9",.0,"9",.0,"9",1,"",0,"","",0,"8",0,"8",0,"8"
"349200660","NOWY S¥CZ","2004","01","09",-2.9,"",-17.9,"",-10.0,"",-21.5,"",1.0,"","S",13,"",.0,"8",6.0,"",.0,"9",4.4,"",.0,"9",.0,"9",1.3,"",17.2,"",10.0,"",.0,"9",.0,"9",.0,"9",.0,"9",.0,"9",.0,"9",.0,"9",.0,"9",.0,"9",1,"",0,"","",0,"8",0,"8",0,"8"
"349200660","NOWY S¥CZ","2004","01","10",-.7,"",-7.9,"",-2.7,"",-8.0,"",1.1,"","S",14,"",1.7,"",.0,"9",.0,"9",15.5,"",.0,"9",.0,"9",.0,"9",24.0,"",.0,"9",.0,"9",.0,"9",.0,"9",.0,"9",.0,"9",.0,"9",.0,"9",.0,"9",.0,"9",1,"",0,"","",0,"8",0,"8",0,"8"
"349200660","NOWY S¥CZ","2004","01","11",4.3,"",-3.4,"",-1.3,"",-8.6,"",.0,"","S",15,"",.0,"8",3.8,"",.0,"9",.7,"",.0,"9",.0,"9",.0,"9",19.4,"",.0,"9",.0,"9",.0,"9",.0,"9",2.9,"",.0,"9",.0,"9",.0,"9",.0,"9",.0,"9",1,"",0,"","",0,"8",0,"8",0,"8"
"349200660","NOWY S¥CZ","2004","01","12",4.6,"",-5.3,"",1.5,"",-9.0,"",.0,"","S",15,"",.0,"8",.6,"",.0,"9",1.7,"",.0,"9",.0,"9",.0,"9",.0,"9",.0,"9",.0,"9",.0,"9",.0,"9",.0,"9",.0,"9",.0,"9",.0,"9",.0,"9",.0,"9",1,"",0,"","",0,"8",0,"8",0,"8"
"349200660","NOWY S¥CZ","2004","01","13",3.6,"",-2.7,"",1.6,"",-6.0,"",.4,"","S",10,"",.0,"8",.0,"9",2.8,"",.6,"",.0,"9",.0,"9",.0,"9",.0,"9",.0,"9",.0,"9",.0,"9",.0,"9",.0,"9",.0,"9",.0,"9",.0,"9",.0,"9",.0,"9",1,"",0,"","",0,"8",0,"8",0,"8"
"349200660","NOWY S¥CZ","2004","01","14",6.0,"",1.9,"",3.2,"",.6,"",.2,"","W",7,"",.0,"8",2.1,"",2.7,"",.0,"9",.0,"9",.0,"9",.0,"9",.0,"9",.0,"9",.0,"9",.0,"9",.0,"9",.0,"9",.0,"9",.0,"9",.0,"9",.0,"9",.0,"9",1,"",0,"","",0,"8",0,"8",0,"8"
"349200660","NOWY S¥CZ","2004","01","15",3.8,"",-.8,"",1.3,"",-4.2,"",1.4,"","S",6,"",3.2,"",.0,"9",3.5,"",.0,"9",3.3,"",.0,"9",.0,"9",8.0,"",.0,"9",.0,"9",.0,"9",.0,"9",.0,"9",.0,"9",.0,"9",.0,"9",.0,"9",.0,"9",1,"",0,"","",0,"8",0,"8",0,"8"
"349200660","NOWY S¥CZ","2004","01","16",5.5,"",-.4,"",2.1,"",-1.1,"",.0,"","S",6,"",.0,"8",4.6,"",.0,"9",2.2,"",.0,"9",.0,"9",.0,"9",2.0,"",.0,"9",.0,"9",.0,"9",.0,"9",.0,"9",.0,"9",.0,"9",.0,"9",.0,"9",.0,"9",1,"",0,"","",0,"8",0,"8",0,"8"
"349200660","NOWY S¥CZ","2004","01","17",5.1,"",1.2,"",2.9,"",-.8,"",.0,"","S",5,"",.0,"8",.2,"",.0,"9",.0,"9",.0,"9",.0,"9",.0,"9",5.3,"",.0,"9",.0,"9",.0,"9",.0,"9",.0,"9",.0,"9",.0,"9",.0,"9",.0,"9",.0,"9",1,"",0,"","",0,"8",0,"8",0,"8"
"349200660","NOWY S¥CZ","2004","01","18",4.0,"",-1.2,"",.7,"",-1.2,"",.1,"","S",3,"",.0,"9",.5,"",1.2,"",8.6,"",.0,"9",.0,"9",.0,"9",11.8,"",.0,"9",.0,"9",.0,"9",.0,"9",.0,"9",.0,"9",.0,"9",.0,"9",.0,"9",.0,"9",1,"",0,"","",0,"8",0,"8",0,"8"
"349200660","NOWY S¥CZ","2004","01","19",1.2,"",-5.3,"",-1.0,"",-7.2,"",.0,"","S",3,"",.0,"9",4.1,"",.0,"9",.0,"9",.0,"9",.0,"9",.0,"9",.0,"9",.0,"9",.0,"9",.0,"9",.0,"9",.0,"9",.0,"9",.0,"9",.0,"9",.0,"9",.0,"9",1,"",0,"","",0,"8",0,"8",0,"8"
"349200660","NOWY S¥CZ","2004","01","20",1.4,"",-1.6,"",.1,"",-3.0,"",1.6,"","S",3,"",.0,"9",.0,"9",.0,"9",15.0,"",.0,"9",.0,"9",.0,"9",.0,"9",.0,"9",.0,"9",.0,"9",4.2,"",.0,"9",.0,"9",.0,"9",.0,"9",.0,"9",.0,"9",1,"",0,"","",0,"8",0,"8",0,"8"
"349200660","NOWY S¥CZ","2004","01","21",-1.2,"",-5.2,"",-3.8,"",-6.4,"",3.3,"","S",6,"",.0,"8",.3,"",.0,"9",21.7,"",.0,"9",.0,"9",.0,"9",15.3,"",.0,"9",.0,"9",.0,"9",7.3,"",.0,"9",.0,"9",.0,"9",.0,"9",.0,"9",.0,"9",1,"",0,"","",0,"8",0,"8",0,"8"
"349200660","NOWY S¥CZ","2004","01","22",-5.0,"",-9.7,"",-7.6,"",-10.0,"",2.0,"","S",14,"",.7,"",.0,"9",.0,"9",23.0,"",.0,"9",.0,"9",.0,"9",5.9,"",.0,"9",.0,"9",.0,"9",.0,"9",.0,"9",.0,"9",.0,"9",.0,"9",.0,"9",.0,"9",1,"",0,"","",0,"8",0,"8",0,"8"
"349200660","NOWY S¥CZ","2004","01","23",-5.1,"",-9.9,"",-7.7,"",-12.5,"",1.8,"","S",18,"",.0,"8",.0,"9",.0,"9",23.8,"",.0,"9",.0,"9",.0,"9",24.0,"",.0,"9",.0,"9",.0,"9",.0,"9",.0,"9",.0,"9",.0,"9",.0,"9",.0,"9",.0,"9",1,"",0,"","",0,"8",0,"8",0,"8"
"349200660","NOWY S¥CZ","2004","01","24",-6.9,"",-10.5,"",-9.3,"",-10.9,"",.0,"","S",20,"",.0,"8",1.6,"",.0,"9",12.4,"",.0,"9",.0,"9",.0,"9",19.2,"",.0,"9",.0,"9",.0,"9",.0,"9",.0,"9",.0,"9",.0,"9",.0,"9",.0,"9",.0,"9",1,"",0,"","",0,"8",0,"8",0,"8"
"349200660","NOWY S¥CZ","2004","01","25",-5.0,"",-9.7,"",-8.1,"",-12.9,"",.0,"","S",17,"",1.5,"",1.5,"",.0,"9",7.0,"",.0,"9",.0,"9",.0,"9",21.6,"",.0,"9",.0,"9",.0,"9",.0,"9",2.4,"",.0,"9",.0,"9",.0,"9",.0,"9",.0,"9",1,"",0,"","",0,"8",0,"8",0,"8"
"349200660","NOWY S¥CZ","2004","01","26",-1.1,"",-17.2,"",-10.5,"",-22.0,"",.0,"","S",12,"",.0,"8",5.8,"",.0,"9",.8,"",.0,"9",.0,"9",5.5,"",13.7,"",.0,"9",.0,"9",.0,"9",.0,"9",4.8,"",.0,"9",.0,"9",.0,"9",.0,"9",.0,"9",1,"",0,"","",0,"8",0,"8",0,"8"
"349200660","NOWY S¥CZ","2004","01","27",-2.3,"",-13.6,"",-6.6,"",-17.6,"",.2,"","S",11,"",.0,"8",.2,"",.0,"9",.0,"9",.0,"9",.0,"9",.0,"9",6.5,"",.0,"9",.0,"9",.0,"9",.0,"9",.0,"9",.0,"9",.0,"9",.0,"9",.0,"9",.0,"9",1,"",0,"","",0,"8",0,"8",0,"8"
"349200660","NOWY S¥CZ","2004","01","28",-2.1,"",-7.4,"",-4.8,"",-9.3,"",1.9,"","S",11,"",.0,"8",.0,"9",.0,"9",17.2,"",.0,"9",.0,"9",.0,"9",21.8,"",.0,"9",.0,"9",.0,"9",.0,"9",.0,"9",.0,"9",.0,"9",.0,"9",.0,"9",.0,"9",1,"",0,"","",0,"8",0,"8",0,"8"
"349200660","NOWY S¥CZ","2004","01","29",1.0,"",-7.3,"",-3.8,"",-11.8,"",.0,"","S",12,"",.0,"8",3.6,"",.0,"9",2.6,"",.0,"9",.0,"9",.0,"9",14.2,"",.0,"9",.0,"9",.0,"9",.0,"9",1.7,"",.0,"9",.0,"9",.0,"9",.0,"9",.0,"9",1,"",0,"","",0,"8",0,"8",0,"8"
"349200660","NOWY S¥CZ","2004","01","30",1.1,"",-8.8,"",-2.9,"",-12.3,"",.0,"","S",12,"",.0,"8",3.8,"",.0,"9",1.6,"",.0,"9",.0,"9",.0,"9",7.3,"",.0,"9",.0,"9",.0,"9",.0,"9",.0,"9",.0,"9",.0,"9",.0,"9",.0,"9",.0,"9",1,"",0,"","",0,"8",0,"8",0,"8"
"349200660","NOWY S¥CZ","2004","01","31",5.1,"",-7.2,"",-1.2,"",-13.5,"",.0,"9","",12,"",2.5,"",7.4,"",.0,"9",.0,"9",.0,"9",.0,"9",.0,"9",.0,"9",.0,"9",.0,"9",.0,"9",.0,"9",.0,"9",.0,"9",.0,"9",.0,"9",.0,"9",.0,"9",1,"",0,"","",0,"8",0,"8",0,"8"
"349200660","NOWY S¥CZ","2004","02","01",7.2,"",-2.8,"",3.3,"",-6.1,"",1.8,"","W",11,"",.0,"8",.0,"9",5.0,"",.0,"9",.0,"9",.0,"9",.0,"9",.0,"9",.0,"9",.0,"9",.0,"9",.0,"9",.0,"9",.0,"9",.0,"9",.0,"9",.0,"9",.0,"9",1,"",0,"","",0,"8",0,"8",0,"8"
"349200660","NOWY S¥CZ","2004","02","02",8.0,"",3.1,"",5.5,"",1.3,"",3.3,"","W",6,"",.0,"8",.9,"",7.4,"",.0,"9",.0,"9",.0,"9",.0,"9",.0,"9",.0,"9",.0,"9",.0,"9",.0,"9",.0,"9",.0,"9",.0,"9",.0,"9",.0,"9",.0,"9",1,"",0,"","",0,"8",0,"8",0,"8"
"349200660","NOWY S¥CZ","2004","02","03",6.6,"",3.9,"",5.0,"",2.1,"",9.0,"","W",0,"9",.0,"9",.0,"9",10.6,"",.0,"9",.0,"9",.0,"9",.0,"9",8.8,"",.0,"9",.0,"9",.0,"9",.0,"9",.0,"9",.0,"9",.0,"9",.0,"9",.0,"9",.0,"9",0,"",0,"","",0,"8",0,"8",0,"8"
"349200660","NOWY S¥CZ","2004","02","04",10.2,"",3.4,"",6.9,"",3.0,"",3.6,"","W",0,"9",.0,"9",.0,"9",12.4,"",.0,"9",.0,"9",.0,"9",3.4,"",11.3,"",.0,"9",.0,"9",.0,"9",.0,"9",.0,"9",.0,"9",.0,"9",.0,"9",.0,"9",.0,"9",0,"",0,"","",0,"8",0,"8",0,"8"
"349200660","NOWY S¥CZ","2004","02","05",15.3,"",8.9,"",12.1,"",6.3,"",.0,"","W",0,"9",.0,"9",.1,"",.5,"",.0,"9",.0,"9",.0,"9",.0,"9",.0,"9",.0,"9",.0,"9",.0,"9",.0,"9",.0,"9",.0,"9",.0,"9",.0,"9",.0,"9",.0,"9",0,"",0,"","",0,"8",0,"8",0,"8"
"349200660","NOWY S¥CZ","2004","02","06",12.1,"",8.6,"",10.1,"",7.6,"",.1,"","W",0,"9",.0,"9",.0,"9",3.5,"",.0,"9",.0,"9",.0,"9",.0,"9",.0,"9",.0,"9",.0,"9",.0,"9",.0,"9",.0,"9",.0,"9",.0,"9",.0,"9",.0,"9",.0,"9",0,"",0,"","",0,"8",0,"8",0,"8"
"349200660","NOWY S¥CZ","2004","02","07",15.0,"",7.7,"",10.8,"",5.5,"",.0,"","W",0,"9",.0,"9",.8,"",.5,"",.0,"9",.0,"9",.0,"9",.0,"9",.0,"9",.0,"9",.0,"9",.0,"9",.0,"9",.0,"9",2.6,"",.0,"9",.0,"9",.0,"9",.0,"9",0,"",0,"","",0,"8",0,"8",0,"8"
"349200660","NOWY S¥CZ","2004","02","08",9.4,"",3.3,"",5.1,"",1.1,"",.1,"","S",0,"9",.0,"9",3.5,"",.8,"",.0,"9",.0,"9",.0,"9",.0,"9",.0,"9",.0,"9",.0,"9",.0,"9",.0,"9",.0,"9",.0,"9",.0,"9",.0,"9",.0,"9",.0,"9",0,"",0,"","",0,"8",0,"8",0,"8"
"349200660","NOWY S¥CZ","2004","02","09",4.9,"",-1.7,"",.0,"",-1.8,"",1.7,"","S",1,"",.0,"9",.1,"",.0,"9",15.5,"",.0,"9",.0,"9",.0,"9",13.2,"",.0,"9",.0,"9",.0,"9",5.8,"",.0,"9",2.1,"",.0,"9",.0,"9",.0,"9",.0,"9",1,"",0,"","",0,"8",0,"8",0,"8"
"349200660","NOWY S¥CZ","2004","02","10",.2,"",-3.9,"",-1.9,"",-4.2,"",1.0,"","S",4,"",.0,"9",5.2,"",.0,"9",12.9,"",.0,"9",.0,"9",.0,"9",3.7,"",.0,"9",.0,"9",.0,"9",5.2,"",.0,"9",.0,"9",.0,"9",.0,"9",.0,"9",.0,"9",1,"",0,"","",0,"8",0,"8",0,"8"
"349200660","NOWY S¥CZ","2004","02","11",-.1,"",-8.2,"",-3.6,"",-11.5,"",4.1,"","S",5,"",.0,"8",.0,"9",.0,"9",11.6,"",.0,"9",.0,"9",.0,"9",11.2,"",.0,"9",.0,"9",.0,"9",4.3,"",.0,"9",.0,"9",.0,"9",.0,"9",.0,"9",.0,"9",1,"",0,"","",0,"8",0,"8",0,"8"
"349200660","NOWY S¥CZ","2004","02","12",-8.0,"",-12.6,"",-10.8,"",-20.3,"",1.0,"","S",10,"",.0,"8",.9,"",.0,"9",10.1,"",.0,"9",.0,"9",1.3,"",8.3,"",1.3,"",.0,"9",.0,"9",1.1,"",.0,"9",.0,"9",.0,"9",.0,"9",.0,"9",.0,"9",1,"",0,"","",0,"8",0,"8",0,"8"
"349200660","NOWY S¥CZ","2004","02","13",-3.6,"",-19.3,"",-10.7,"",-22.4,"",2.2,"","S",11,"",.0,"8",.0,"9",.0,"9",6.8,"",.0,"9",.0,"9",5.2,"",17.5,"",10.0,"",.0,"9",.0,"9",.0,"9",.0,"9",.0,"9",.0,"9",.0,"9",.0,"9",.0,"9",1,"",0,"","",0,"8",0,"8",0,"8"
"349200660","NOWY S¥CZ","2004","02","14",2.4,"",-5.6,"",-1.1,"",-5.8,"",5.1,"","S",12,"",.0,"8",.0,"9",.0,"9",15.9,"",1.0,"",.0,"9",.0,"9",23.6,"",.0,"9",.0,"9",.0,"9",2.1,"",.0,"9",.0,"9",.0,"9",.0,"9",.0,"9",.0,"9",1,"",0,"","",0,"8",0,"8",0,"8"
"349200660","NOWY S¥CZ","2004","02","15",.9,"",-.9,"",-.2,"",-1.1,"",2.1,"","S",19,"",1.8,"",.2,"",.0,"9",17.4,"",1.8,"",.0,"9",.0,"9",14.5,"",.0,"9",.0,"9",.0,"9",.0,"9",.0,"9",.0,"9",.0,"9",.0,"9",.0,"9",.0,"9",1,"",0,"","",0,"8",0,"8",0,"8"
"349200660","NOWY S¥CZ","2004","02","16",1.2,"",-1.9,"",-.3,"",-3.0,"",.6,"","S",19,"",.0,"8",.0,"9",.5,"",8.9,"",.4,"",.0,"9",.0,"9",11.3,"",.0,"9",.0,"9",.0,"9",.0,"9",.0,"9",.0,"9",.0,"9",.0,"9",.0,"9",.0,"9",1,"",0,"","",0,"8",0,"8",0,"8"
"349200660","NOWY S¥CZ","2004","02","17",4.4,"",-1.0,"",.9,"",-1.8,"",.1,"","S",12,"",2.2,"",2.1,"",.0,"9",.0,"9",.0,"9",.0,"9",.0,"9",8.2,"",.0,"9",.0,"9",.0,"9",.0,"9",1.5,"",.0,"9",.0,"9",.0,"9",.0,"9",.0,"9",1,"",0,"","",0,"8",0,"8",0,"8"
"349200660","NOWY S¥CZ","2004","02","18",3.7,"",.3,"",1.1,"",-.5,"",.5,"","S",9,"",2.0,"",.8,"",3.5,"",13.0,"",.0,"9",.0,"9",.0,"9",15.0,"",.0,"9",.0,"9",.0,"9",.0,"9",.0,"9",.0,"9",.0,"9",.0,"9",.0,"9",.0,"9",1,"",0,"","",0,"8",0,"8",0,"8"
"349200660","NOWY S¥CZ","2004","02","19",.8,"",-2.0,"",-1.0,"",-2.6,"",.0,"","S",7,"",2.3,"",.5,"",.0,"9",16.5,"",.0,"9",.0,"9",.0,"9",3.7,"",.0,"9",.0,"9",.0,"9",.0,"9",.0,"9",.0,"9",.0,"9",.0,"9",.0,"9",.0,"9",1,"",0,"","",0,"8",0,"8",0,"8"
"349200660","NOWY S¥CZ","2004","02","20",-1.6,"",-8.9,"",-6.4,"",-10.1,"",.0,"9","",6,"",2.3,"",7.0,"",.0,"9",.0,"9",.0,"9",.0,"9",.0,"9",8.0,"",.0,"9",.0,"9",.0,"9",.0,"9",.0,"9",.0,"9",.0,"9",.0,"9",.0,"9",.0,"9",1,"",0,"","",0,"8",0,"8",0,"8"
"349200660","NOWY S¥CZ","2004","02","21",5.1,"",-13.2,"",-4.2,"",-14.1,"",.0,"9","",6,"",2.7,"",9.5,"",.0,"9",.0,"9",.0,"9",.0,"9",.0,"9",3.3,"",.0,"9",.0,"9",.0,"9",.0,"9",.0,"9",.0,"9",.0,"9",.0,"9",.0,"9",.0,"9",1,"",0,"","",0,"8",0,"8",0,"8"
"349200660","NOWY S¥CZ","2004","02","22",3.8,"",-.2,"",2.6,"",-3.1,"",.2,"","W",5,"",2.8,"",.0,"9",1.3,"",.0,"9",.0,"9",.0,"9",.0,"9",.0,"9",.0,"9",.0,"9",.0,"9",.0,"9",.0,"9",.0,"9",.0,"9",.0,"9",.0,"9",.0,"9",1,"",0,"","",0,"8",0,"8",0,"8"
"349200660","NOWY S¥CZ","2004","02","23",3.0,"",-.5,"",.4,"",-1.0,"",4.8,"","S",4,"",.0,"9",.0,"9",.2,"",8.5,"",.5,"",.0,"9",.0,"9",9.3,"",.0,"9",.0,"9",.0,"9",.0,"9",.0,"9",.0,"9",.0,"9",.0,"9",.0,"9",.0,"9",1,"",0,"","",0,"8",0,"8",0,"8"
"349200660","NOWY S¥CZ","2004","02","24",1.2,"",-2.1,"",-1.1,"",-3.0,"",.4,"","S",5,"",2.0,"",.8,"",.0,"9",5.2,"",.0,"9",.0,"9",.0,"9",.0,"9",.0,"9",.0,"9",.0,"9",.0,"9",.0,"9",.0,"9",.0,"9",.0,"9",.0,"9",.0,"9",1,"",0,"","",0,"8",0,"8",0,"8"
"349200660","NOWY S¥CZ","2004","02","25",4.5,"",-4.5,"",-1.3,"",-5.2,"",.0,"","S",5,"",2.0,"",6.7,"",.0,"9",.1,"",.0,"9",.0,"9",.0,"9",3.8,"",.0,"9",.0,"9",.0,"9",.0,"9",1.8,"",.0,"9",.0,"9",.0,"9",.0,"9",.0,"9",1,"",0,"","",0,"8",0,"8",0,"8"
"349200660","NOWY S¥CZ","2004","02","26",5.0,"",-8.1,"",-1.2,"",-9.7,"",2.4,"","S",5,"",2.8,"",6.8,"",.0,"9",.7,"",.0,"9",.0,"9",.0,"9",5.3,"",.0,"9",.0,"9",.0,"9",.0,"9",.0,"9",.0,"9",.0,"9",.0,"9",.0,"9",.0,"9",1,"",0,"","",0,"8",0,"8",0,"8"
"349200660","NOWY S¥CZ","2004","02","27",.5,"",-1.7,"",-.8,"",-2.2,"",2.7,"","S",7,"",3.6,"",.0,"9",.0,"9",19.3,"",.0,"9",.0,"9",.0,"9",24.0,"",.0,"9",.0,"9",.0,"9",.0,"9",.0,"9",.0,"9",.0,"9",.0,"9",.0,"9",.0,"9",1,"",0,"","",0,"8",0,"8",0,"8"
"349200660","NOWY S¥CZ","2004","02","28",1.4,"",-1.6,"",-.3,"",-1.8,"",8.7,"","S",10,"",1.9,"",.0,"9",.0,"9",9.6,"",.0,"9",.0,"9",.0,"9",24.0,"",.0,"9",.0,"9",.0,"9",.0,"9",.0,"9",.0,"9",.0,"9",.0,"9",.0,"9",.0,"9",1,"",0,"","",0,"8",0,"8",0,"8"
"349200660","NOWY S¥CZ","2004","02","29",-.1,"",-3.0,"",-2.2,"",-3.0,"",6.2,"","S",20,"",1.9,"",.0,"9",.0,"9",21.0,"",.0,"9",.0,"9",.0,"9",22.2,"",.0,"9",.0,"9",.0,"9",.0,"9",.0,"9",.0,"9",.0,"9",.0,"9",.0,"9",.0,"9",1,"",0,"","",0,"8",0,"8",0,"8"
"349200660","NOWY S¥CZ","2004","03","01",-1.4,"",-3.7,"",-3.0,"",-4.1,"",.4,"","S",26,"",1.7,"",.0,"9",.0,"9",15.5,"",.0,"9",.0,"9",.0,"9",12.3,"",.0,"9",.0,"9",.0,"9",.0,"9",.0,"9",.0,"9",.0,"9",.0,"9",.0,"9",.0,"9",1,"",0,"","",0,"8",0,"8",0,"8"
"349200660","NOWY S¥CZ","2004","03","02",.9,"",-8.9,"",-3.2,"",-11.2,"",.4,"","S",22,"",1.9,"",.0,"9",.0,"9",5.3,"",.0,"9",.0,"9",.0,"9",.0,"9",.0,"9",.0,"9",.0,"9",.0,"9",.0,"9",.0,"9",.0,"9",.0,"9",.0,"9",.0,"9",1,"",0,"","",0,"8",0,"8",0,"8"
"349200660","NOWY S¥CZ","2004","03","03",3.0,"",-2.7,"",-.3,"",-3.6,"",2.6,"","S",20,"",1.9,"",2.4,"",.0,"9",17.5,"",.0,"9",.0,"9",.0,"9",4.9,"",.0,"9",.0,"9",.0,"9",1.9,"",.0,"9",.0,"9",.0,"9",.0,"9",.0,"9",.0,"9",1,"",0,"","",0,"8",0,"8",0,"8"
"349200660","NOWY S¥CZ","2004","03","04",-1.1,"",-5.1,"",-3.4,"",-6.4,"",1.1,"","S",18,"",1.8,"",.4,"",.0,"9",18.6,"",.0,"9",.0,"9",.0,"9",4.3,"",.0,"9",.0,"9",.0,"9",.0,"9",.0,"9",.0,"9",.0,"9",.0,"9",.0,"9",.0,"9",1,"",0,"","",0,"8",0,"8",0,"8"
"349200660","NOWY S¥CZ","2004","03","05",-3.6,"",-8.0,"",-6.8,"",-14.3,"",.0,"","S",20,"",1.9,"",.5,"",.0,"9",11.3,"",.0,"9",.0,"9",.0,"9",11.8,"",.0,"9",.0,"9",.0,"9",.0,"9",.0,"9",.0,"9",.0,"9",.0,"9",.0,"9",.0,"9",1,"",0,"","",0,"8",0,"8",0,"8"
"349200660","NOWY S¥CZ","2004","03","06",3.7,"",-17.9,"",-7.7,"",-19.9,"",.0,"9","",18,"",1.9,"",7.7,"",.0,"9",.0,"9",.0,"9",.0,"9",4.5,"",4.7,"",4.9,"",.0,"9",.0,"9",.0,"9",1.5,"",.0,"9",.0,"9",.0,"9",.0,"9",.0,"9",1,"",0,"","",0,"8",0,"8",0,"8"
"349200660","NOWY S¥CZ","2004","03","07",5.1,"",-7.6,"",-1.4,"",-11.0,"",.0,"9","",16,"",1.9,"",5.0,"",.0,"9",.0,"9",.0,"9",.0,"9",.0,"9",.0,"9",.0,"9",.0,"9",.0,"9",.0,"9",.0,"9",.0,"9",.0,"9",.0,"9",.0,"9",.0,"9",1,"",0,"","",0,"8",0,"8",0,"8"
"349200660","NOWY S¥CZ","2004","03","08",3.3,"",-2.9,"",-.3,"",-4.4,"",.0,"","S",15,"",2.2,"",.3,"",.0,"9",1.8,"",.0,"9",.0,"9",.0,"9",7.0,"",.0,"9",.0,"9",.0,"9",.0,"9",.0,"9",.0,"9",.0,"9",.0,"9",.0,"9",.0,"9",1,"",0,"","",0,"8",0,"8",0,"8"
"349200660","NOWY S¥CZ","2004","03","09",.4,"",-1.5,"",-.7,"",-2.3,"",.6,"","S",13,"",2.3,"",.0,"9",.0,"9",7.2,"",4.5,"",.0,"9",.0,"9",20.8,"",.0,"9",.0,"9",.0,"9",.0,"9",.0,"9",.0,"9",.0,"9",.0,"9",.0,"9",.0,"9",1,"",0,"","",0,"8",0,"8",0,"8"
"349200660","NOWY S¥CZ","2004","03","10",4.0,"",-.4,"",1.5,"",-1.1,"",.0,"","S",13,"",2.3,"",.0,"9",1.8,"",.0,"9",.0,"9",.0,"9",.0,"9",21.8,"",.0,"9",.0,"9",.0,"9",.0,"9",.0,"9",.0,"9",.0,"9",.0,"9",.0,"9",.0,"9",1,"",0,"","",0,"8",0,"8",0,"8"
"349200660","NOWY S¥CZ","2004","03","11",7.7,"",-1.7,"",2.0,"",-3.3,"",.0,"9","",10,"",2.8,"",3.9,"",.0,"9",1.3,"",.0,"9",.0,"9",4.8,"",4.9,"",.0,"9",.0,"9",.0,"9",.0,"9",.0,"9",.0,"9",.0,"9",.0,"9",.0,"9",.0,"9",1,"",0,"","",0,"8",0,"8",0,"8"
"349200660","NOWY S¥CZ","2004","03","12",8.0,"",-3.5,"",2.0,"",-4.2,"",.0,"9","",7,"",3.3,"",6.6,"",.0,"9",.0,"9",.0,"9",.0,"9",.0,"9",12.0,"",.0,"9",.0,"9",.0,"9",.0,"9",.0,"9",.0,"9",.0,"9",.0,"9",.0,"9",.0,"9",1,"",0,"","",0,"8",0,"8",0,"8"
"349200660","NOWY S¥CZ","2004","03","13",9.0,"",-1.1,"",5.1,"",-2.6,"",.0,"9","",4,"",.0,"9",7.3,"",.0,"9",.0,"9",.0,"9",.0,"9",.0,"9",.0,"9",.0,"9",.0,"9",.0,"9",.0,"9",.0,"9",.0,"9",.0,"9",.0,"9",.0,"9",.0,"9",1,"",0,"","",0,"8",0,"8",0,"8"
"349200660","NOWY S¥CZ","2004","03","14",14.0,"",-.5,"",6.3,"",-1.9,"",.0,"9","",0,"9",.0,"9",6.5,"",.0,"9",.0,"9",.0,"9",.0,"9",.0,"9",8.4,"",.0,"9",.0,"9",.0,"9",.0,"9",2.3,"",.0,"9",.0,"9",.0,"9",.0,"9",.0,"9",0,"",0,"","",0,"8",0,"8",0,"8"
"349200660","NOWY S¥CZ","2004","03","15",14.2,"",2.2,"",6.9,"",.9,"",.0,"9","",0,"9",.0,"9",7.7,"",.0,"9",.0,"9",.0,"9",.0,"9",.0,"9",12.8,"",.0,"9",.0,"9",.0,"9",.0,"9",.0,"9",.0,"9",.0,"9",.0,"9",.0,"9",.0,"9",0,"",0,"","",0,"8",0,"8",0,"8"
"349200660","NOWY S¥CZ","2004","03","16",16.3,"",3.8,"",9.8,"",2.5,"",.1,"","W",0,"9",.0,"9",5.2,"",.0,"9",.0,"9",.0,"9",.0,"9",.0,"9",6.5,"",.0,"9",.0,"9",.0,"9",.0,"9",.0,"9",.0,"9",.0,"9",.0,"9",.0,"9",.0,"9",0,"",0,"","",0,"8",0,"8",0,"8"
"349200660","NOWY S¥CZ","2004","03","17",15.4,"",8.0,"",11.4,"",2.0,"",.0,"","W",0,"9",.0,"9",.6,"",3.0,"",.0,"9",.0,"9",.0,"9",.0,"9",9.8,"",.0,"9",.0,"9",.0,"9",.0,"9",.0,"9",.0,"9",.0,"9",.0,"9",.0,"9",.0,"9",0,"",0,"","",0,"8",0,"8",0,"8"
"349200660","NOWY S¥CZ","2004","03","18",22.3,"",1.9,"",11.7,"",.9,"",.0,"9","",0,"9",.0,"9",8.7,"",.0,"9",.0,"9",.0,"9",.0,"9",1.2,"",6.2,"",.0,"9",.0,"9",.0,"9",.0,"9",.0,"9",.0,"9",.0,"9",.0,"9",.0,"9",.0,"9",0,"",0,"","",0,"8",0,"8",0,"8"
"349200660","NOWY S¥CZ","2004","03","19",21.8,"",4.6,"",12.6,"",2.4,"",.0,"9","",0,"9",.0,"9",7.4,"",.0,"9",.0,"9",.0,"9",.0,"9",.0,"9",4.5,"",.0,"9",.0,"9",.0,"9",.0,"9",.0,"9",.0,"9",.0,"9",.0,"9",.0,"9",.0,"9",0,"",0,"","",0,"8",0,"8",0,"8"
"349200660","NOWY S¥CZ","2004","03","20",14.3,"",5.6,"",10.8,"",4.0,"",.0,"","W",0,"9",.0,"9",.3,"",.8,"",.0,"9",.0,"9",.0,"9",.0,"9",2.2,"",.0,"9",.0,"9",.0,"9",.0,"9",.0,"9",.0,"9",.0,"9",.0,"9",.0,"9",.0,"9",0,"",0,"","",0,"8",0,"8",0,"8"
"349200660","NOWY S¥CZ","2004","03","21",19.3,"",10.2,"",13.5,"",9.0,"",1.9,"","W",0,"9",.0,"9",6.6,"",.9,"",.0,"9",.0,"9",.0,"9",.0,"9",.0,"9",.0,"9",.0,"9",.0,"9",.0,"9",.0,"9",1.3,"",.0,"9",.0,"9",.0,"9",.0,"9",0,"",0,"","",0,"8",0,"8",0,"8"
"349200660","NOWY S¥CZ","2004","03","22",12.8,"",6.5,"",9.4,"",4.6,"",.0,"9","",0,"9",.0,"9",2.0,"",.0,"9",.0,"9",.0,"9",.0,"9",.0,"9",.0,"9",.0,"9",.0,"9",.0,"9",.0,"9",.0,"9",.0,"9",.0,"9",.0,"9",.0,"9",.0,"9",0,"",0,"","",0,"8",0,"8",0,"8"
"349200660","NOWY S¥CZ","2004","03","23",13.3,"",-.8,"",6.9,"",-2.1,"",1.0,"","W",0,"9",.0,"9",3.7,"",3.4,"",.0,"9",.0,"9",.0,"9",.0,"9",.0,"9",.0,"9",.0,"9",.0,"9",.0,"9",.0,"9",.0,"9",.0,"9",.0,"9",.0,"9",5.0,"",0,"",0,"","",0,"8",0,"8",0,"8"
"349200660","NOWY S¥CZ","2004","03","24",14.9,"",5.3,"",8.7,"",3.2,"",16.0,"","W",0,"9",.0,"9",.6,"",6.2,"",.0,"9",.0,"9",.0,"9",4.0,"",18.8,"",.0,"9",.0,"9",.0,"9",.0,"9",.0,"9",.0,"9",.0,"9",1.4,"",.0,"9",.0,"9",0,"",0,"","",0,"8",0,"8",0,"8"
"349200660","NOWY S¥CZ","2004","03","25",9.5,"",2.8,"",4.7,"",2.0,"",8.2,"","S",0,"9",.0,"9",.0,"9",12.0,"",.0,"9",3.8,"",.0,"9",.0,"9",10.7,"",.0,"9",.0,"9",.0,"9",.0,"9",.0,"9",.0,"9",.0,"9",.0,"9",.0,"9",.0,"9",0,"",0,"","",0,"8",0,"8",0,"8"
"349200660","NOWY S¥CZ","2004","03","26",2.8,"",.1,"",.8,"",-.2,"",.6,"","S",4,"",.0,"9",.0,"9",.0,"9",18.9,"",.1,"",.0,"9",.0,"9",10.1,"",.0,"9",.0,"9",.0,"9",.0,"9",.0,"9",.0,"9",.0,"9",.0,"9",.0,"9",.0,"9",1,"",0,"","",0,"8",0,"8",0,"8"
"349200660","NOWY S¥CZ","2004","03","27",2.0,"",.1,"",.6,"",.0,"",11.5,"","S",0,"",.0,"9",.0,"9",.0,"9",15.3,"",8.5,"",.0,"9",.0,"9",23.7,"",.0,"9",.0,"9",.0,"9",.0,"9",.0,"9",.0,"9",.0,"9",.0,"9",.0,"9",.0,"9",0,"",0,"","",0,"8",0,"8",0,"8"
"349200660","NOWY S¥CZ","2004","03","28",3.4,"",-.4,"",1.3,"",-.6,"",2.0,"","S",6,"",3.3,"",.0,"9",.0,"9",10.3,"",1.0,"",.0,"9",.0,"9",20.2,"",.0,"9",.0,"9",.0,"9",.0,"9",.0,"9",.0,"9",.0,"9",.0,"9",.0,"9",.0,"9",1,"",0,"","",0,"8",0,"8",0,"8"
"349200660","NOWY S¥CZ","2004","03","29",8.4,"",-.1,"",3.8,"",-2.0,"",.0,"","S",0,"9",.0,"9",.3,"",.0,"9",.8,"",.0,"9",.0,"9",.0,"9",10.9,"",.0,"9",.0,"9",.0,"9",.0,"9",.0,"9",.0,"9",.0,"9",.0,"9",.0,"9",.0,"9",0,"",0,"","",0,"8",0,"8",0,"8"
"349200660","NOWY S¥CZ","2004","03","30",10.1,"",.6,"",5.2,"",-.4,"",.0,"9","",0,"9",.0,"9",.7,"",.0,"9",.0,"9",.0,"9",.0,"9",.0,"9",7.8,"",.0,"9",.0,"9",.0,"9",.0,"9",.0,"9",.0,"9",.0,"9",.0,"9",.0,"9",.0,"9",0,"",0,"","",0,"8",0,"8",0,"8"
"349200660","NOWY S¥CZ","2004","03","31",15.5,"",-1.2,"",7.1,"",-2.3,"",.0,"9","",0,"9",.0,"9",9.9,"",.0,"9",.0,"9",.0,"9",.0,"9",.0,"9",8.0,"",.0,"9",.0,"9",.0,"9",.0,"9",.0,"9",.0,"9",.0,"9",.0,"9",13.0,"",.0,"9",0,"",0,"","",0,"8",0,"8",0,"8"
"349200660","NOWY S¥CZ","2004","04","01",14.2,"",-.9,"",6.6,"",-1.8,"",.0,"9","",0,"9",.0,"9",9.6,"",.0,"9",.0,"9",.0,"9",.0,"9",.0,"9",8.7,"",.0,"9",.0,"9",.0,"9",.0,"9",.0,"9",.0,"9",.0,"9",.0,"9",13.0,"",.0,"9",0,"",0,"","",0,"8",0,"8",0,"8"
"349200660","NOWY S¥CZ","2004","04","02",10.7,"",-.9,"",4.4,"",-4.5,"",.0,"9","",0,"9",.0,"9",10.9,"",.0,"9",.0,"9",.0,"9",.0,"9",.0,"9",.0,"9",.0,"9",.0,"9",.0,"9",.0,"9",.0,"9",.0,"9",.0,"9",.0,"9",12.0,"",.0,"9",0,"",0,"","",0,"8",0,"8",0,"8"
"349200660","NOWY S¥CZ","2004","04","03",16.5,"",-4.9,"",5.3,"",-6.0,"",.4,"","W",0,"9",.0,"9",9.9,"",.0,"9",.0,"9",.0,"9",.0,"9",.0,"9",7.5,"",.0,"9",.0,"9",.0,"9",.0,"9",.0,"9",.0,"9",.0,"9",.0,"9",9.0,"",.0,"9",0,"",0,"","",0,"8",0,"8",0,"8"
"349200660","NOWY S¥CZ","2004","04","04",17.2,"",2.6,"",8.9,"",1.0,"",3.1,"","W",0,"9",.0,"9",3.0,"",2.9,"",.0,"9",.0,"9",.0,"9",.0,"9",8.9,"",.0,"9",.0,"9",.0,"9",.0,"9",.0,"9",.0,"9",.0,"9",1.8,"",.0,"9",.0,"9",0,"",0,"","",0,"8",0,"8",0,"8"
"349200660","NOWY S¥CZ","2004","04","05",14.9,"",6.8,"",9.8,"",5.8,"",6.4,"","W",0,"9",.0,"9",4.1,"",8.9,"",.0,"9",.0,"9",.0,"9",.0,"9",11.4,"",.0,"9",.0,"9",.0,"9",.0,"9",.0,"9",.0,"9",.0,"9",1.2,"",.0,"9",.0,"9",0,"",0,"","",0,"8",0,"8",0,"8"
"349200660","NOWY S¥CZ","2004","04","06",13.3,"",3.1,"",8.8,"",.6,"",1.8,"","W",0,"9",.0,"9",7.3,"",.0,"9",.0,"9",.0,"9",.0,"9",.0,"9",.0,"9",.0,"9",.0,"9",.0,"9",.0,"9",.0,"9",.0,"9",.0,"9",.0,"9",.0,"9",.0,"9",0,"",0,"","",0,"8",0,"8",0,"8"
"349200660","NOWY S¥CZ","2004","04","07",10.2,"",3.2,"",5.3,"",3.2,"",14.5,"","W",0,"9",.0,"9",.0,"9",17.2,"",.0,"9",.0,"9",.0,"9",.0,"9",8.5,"",.0,"9",.0,"9",.0,"9",.0,"9",.0,"9",.0,"9",.0,"9",.0,"9",.0,"9",.0,"9",0,"",0,"","",0,"8",0,"8",0,"8"
"349200660","NOWY S¥CZ","2004","04","08",10.9,"",3.4,"",6.5,"",2.6,"",.0,"","W",0,"9",.0,"9",3.8,"",.7,"",.0,"9",.0,"9",.0,"9",.0,"9",.0,"9",.0,"9",.0,"9",.0,"9",.0,"9",.0,"9",.0,"9",.0,"9",.0,"9",.0,"9",.0,"9",0,"",0,"","",0,"8",0,"8",0,"8"
"349200660","NOWY S¥CZ","2004","04","09",14.3,"",.2,"",7.7,"",-2.0,"",.0,"9","",0,"9",.0,"9",11.2,"",.0,"9",.0,"9",.0,"9",.0,"9",.0,"9",.0,"9",.0,"9",.0,"9",.0,"9",.0,"9",.0,"9",.0,"9",.0,"9",.0,"9",3.0,"",5.0,"",0,"",0,"","",0,"8",0,"8",0,"8"
"349200660","NOWY S¥CZ","2004","04","10",14.8,"",-.2,"",8.2,"",-2.8,"",.0,"9","",0,"9",.0,"9",7.4,"",.0,"9",.0,"9",.0,"9",.0,"9",.0,"9",.0,"9",.0,"9",.0,"9",.0,"9",.0,"9",.0,"9",.0,"9",.0,"9",.0,"9",13.0,"",.0,"9",0,"",0,"","",0,"8",0,"8",0,"8"
"349200660","NOWY S¥CZ","2004","04","11",11.7,"",5.6,"",7.5,"",4.9,"",4.9,"","W",0,"9",.0,"9",.1,"",12.3,"",.0,"9",.0,"9",.0,"9",.0,"9",16.0,"",.0,"9",.0,"9",.0,"9",.0,"9",.0,"9",.0,"9",.0,"9",.0,"9",8.8,"",.0,"9",0,"",0,"","",0,"8",0,"8",0,"8"
"349200660","NOWY S¥CZ","2004","04","12",13.3,"",2.9,"",7.5,"",.9,"",.0,"9","",0,"9",.0,"9",10.9,"",.0,"9",.0,"9",.0,"9",.0,"9",.0,"9",3.9,"",.0,"9",.0,"9",.0,"9",.0,"9",.0,"9",.0,"9",.0,"9",.0,"9",.0,"9",.0,"9",0,"",0,"","",0,"8",0,"8",0,"8"
"349200660","NOWY S¥CZ","2004","04","13",13.9,"",-.7,"",7.3,"",-2.4,"",.0,"9","",0,"9",.0,"9",6.2,"",.0,"9",.0,"9",.0,"9",.0,"9",.0,"9",4.5,"",.0,"9",.0,"9",.0,"9",.0,"9",.0,"9",.0,"9",.0,"9",.0,"9",9.0,"",.0,"9",0,"",0,"","",0,"8",0,"8",0,"8"
"349200660","NOWY S¥CZ","2004","04","14",13.0,"",2.8,"",8.1,"",-.8,"",.0,"9","",0,"9",.0,"9",11.6,"",.0,"9",.0,"9",.0,"9",.0,"9",.0,"9",.0,"9",.0,"9",.0,"9",.0,"9",.0,"9",.0,"9",.0,"9",.0,"9",.0,"9",11.0,"",.0,"9",0,"",0,"","",0,"8",0,"8",0,"8"
"349200660","NOWY S¥CZ","2004","04","15",18.4,"",-1.7,"",9.1,"",-4.0,"",.0,"9","",0,"9",.0,"9",11.4,"",.0,"9",.0,"9",.0,"9",.0,"9",.0,"9",.0,"9",.0,"9",.0,"9",.0,"9",.0,"9",.0,"9",.0,"9",.0,"9",.0,"9",8.0,"",5.0,"",0,"",0,"","",0,"8",0,"8",0,"8"
"349200660","NOWY S¥CZ","2004","04","16",16.8,"",3.6,"",10.3,"",.7,"",.0,"","W",0,"9",.0,"9",6.7,"",.7,"",.0,"9",.0,"9",.0,"9",.0,"9",.0,"9",.0,"9",.0,"9",.0,"9",.0,"9",.0,"9",.0,"9",.0,"9",.0,"9",8.0,"",.0,"9",0,"",0,"","",0,"8",0,"8",0,"8"
"349200660","NOWY S¥CZ","2004","04","17",12.3,"",5.5,"",9.0,"",3.7,"",3.4,"","W",0,"9",.0,"9",.0,"9",10.3,"",.0,"9",.0,"9",.0,"9",.0,"9",7.7,"",.0,"9",.0,"9",.0,"9",.0,"9",.0,"9",.0,"9",.0,"9",.0,"9",.0,"9",.0,"9",0,"",0,"","",0,"8",0,"8",0,"8"
"349200660","NOWY S¥CZ","2004","04","18",17.5,"",4.5,"",11.3,"",3.6,"",.0,"9","",0,"9",.0,"9",6.7,"",.0,"9",.0,"9",.0,"9",.0,"9",.0,"9",6.5,"",.0,"9",.0,"9",.0,"9",.0,"9",.0,"9",.0,"9",.0,"9",.0,"9",4.0,"",.0,"9",0,"",0,"","",0,"8",0,"8",0,"8"
"349200660","NOWY S¥CZ","2004","04","19",18.5,"",11.3,"",14.1,"",9.2,"",.0,"9","",0,"9",.0,"9",4.7,"",.0,"9",.0,"9",.0,"9",.0,"9",.0,"9",.0,"9",.0,"9",.0,"9",.0,"9",.0,"9",.0,"9",.0,"9",.0,"9",.0,"9",11.0,"",.0,"9",0,"",0,"","",0,"8",0,"8",0,"8"
"349200660","NOWY S¥CZ","2004","04","20",20.4,"",7.6,"",13.2,"",5.8,"",.0,"9","",0,"9",.0,"9",7.7,"",.0,"9",.0,"9",.0,"9",.0,"9",.0,"9",.0,"9",.0,"9",.0,"9",.0,"9",.0,"9",.0,"9",.0,"9",.0,"9",.0,"9",13.0,"",.0,"9",0,"",0,"","",0,"8",0,"8",0,"8"
"349200660","NOWY S¥CZ","2004","04","21",20.7,"",3.2,"",12.4,"",1.3,"",.0,"9","",0,"9",.0,"9",11.1,"",.0,"9",.0,"9",.0,"9",.0,"9",.0,"9",5.3,"",.0,"9",.0,"9",.0,"9",.0,"9",.0,"9",.0,"9",.0,"9",.0,"9",14.0,"",.0,"9",0,"",0,"","",0,"8",0,"8",0,"8"
"349200660","NOWY S¥CZ","2004","04","22",20.6,"",3.6,"",13.0,"",2.3,"",.0,"9","",0,"9",.0,"9",9.5,"",.0,"9",.0,"9",.0,"9",.0,"9",3.6,"",2.3,"",.0,"9",.0,"9",.0,"9",.0,"9",.0,"9",.0,"9",.0,"9",.0,"9",5.8,"",.0,"9",0,"",0,"","",0,"8",0,"8",0,"8"
"349200660","NOWY S¥CZ","2004","04","23",18.3,"",5.8,"",11.9,"",3.7,"",.0,"9","",0,"9",.0,"9",10.0,"",.0,"9",.0,"9",.0,"9",.0,"9",.0,"9",5.8,"",.0,"9",.0,"9",.0,"9",.0,"9",.0,"9",.0,"9",.0,"9",.0,"9",13.0,"",.0,"9",0,"",0,"","",0,"8",0,"8",0,"8"
"349200660","NOWY S¥CZ","2004","04","24",14.0,"",3.7,"",7.9,"",2.3,"",6.0,"","W",0,"9",.0,"9",.0,"9",15.5,"",.0,"9",.0,"9",.0,"9",.0,"9",3.2,"",.0,"9",.0,"9",.0,"9",.0,"9",.0,"9",.0,"9",.0,"9",.0,"9",8.5,"",.0,"9",0,"",0,"","",0,"8",0,"8",0,"8"
"349200660","NOWY S¥CZ","2004","04","25",11.5,"",7.2,"",8.5,"",7.0,"",1.9,"","W",0,"9",.0,"9",.9,"",7.0,"",.0,"9",.0,"9",.0,"9",.0,"9",.0,"9",.0,"9",.0,"9",.0,"9",.0,"9",.0,"9",.0,"9",.0,"9",.0,"9",.0,"9",.0,"9",0,"",0,"","",0,"8",0,"8",0,"8"
"349200660","NOWY S¥CZ","2004","04","26",13.8,"",7.1,"",8.9,"",5.5,"",.0,"9","",0,"9",.0,"9",7.4,"",.0,"9",.0,"9",.0,"9",.0,"9",.0,"9",1.8,"",.0,"9",.0,"9",.0,"9",.0,"9",.0,"9",.0,"9",.0,"9",.0,"9",5.0,"",.0,"9",0,"",0,"","",0,"8",0,"8",0,"8"
"349200660","NOWY S¥CZ","2004","04","27",16.1,"",.3,"",8.8,"",-1.0,"",.3,"","W",0,"9",.0,"9",11.7,"",.0,"9",.0,"9",.0,"9",.0,"9",.0,"9",6.3,"",.0,"9",.0,"9",.0,"9",.0,"9",.0,"9",.0,"9",.0,"9",.0,"9",14.0,"",.0,"9",0,"",0,"","",0,"8",0,"8",0,"8"
"349200660","NOWY S¥CZ","2004","04","28",14.9,"",4.8,"",9.4,"",3.4,"",4.1,"","W",0,"9",.0,"9",.9,"",7.8,"",.0,"9",.0,"9",.0,"9",.0,"9",6.5,"",.0,"9",.0,"9",.0,"9",.0,"9",.0,"9",.0,"9",.0,"9",.0,"9",2.2,"",.0,"9",0,"",0,"","",0,"8",0,"8",0,"8"
"349200660","NOWY S¥CZ","2004","04","29",19.9,"",8.0,"",13.4,"",6.9,"",.0,"9","",0,"9",.0,"9",7.4,"",1.6,"",.0,"9",.0,"9",.0,"9",.0,"9",9.2,"",.0,"9",.0,"9",.0,"9",.0,"9",.0,"9",.0,"9",.0,"9",.0,"9",3.0,"",.0,"9",0,"",0,"","",0,"8",0,"8",0,"8"
"349200660","NOWY S¥CZ","2004","04","30",20.3,"",7.0,"",12.6,"",5.0,"",.2,"","W",0,"9",.0,"9",1.8,"",4.6,"",.0,"9",.0,"9",.0,"9",.0,"9",9.8,"",.0,"9",.0,"9",.0,"9",.0,"9",.0,"9",.0,"9",.0,"9",.0,"9",11.4,"",.0,"9",0,"",0,"","",0,"8",0,"8",0,"8"
"349200660","NOWY S¥CZ","2004","05","01",24.4,"",6.6,"",15.4,"",4.6,"",.0,"","W",0,"9",.0,"9",8.7,"",.1,"",.0,"9",.0,"9",.0,"9",3.0,"",3.3,"",.0,"9",.0,"9",.0,"9",.0,"9",.0,"9",.0,"9",.0,"9",.4,"",2.8,"",.0,"9",0,"",0,"","",0,"8",0,"8",0,"8"
"349200660","NOWY S¥CZ","2004","05","02",21.1,"",10.0,"",14.7,"",9.0,"",.0,"","W",0,"9",.0,"9",1.3,"",.6,"",.0,"9",.0,"9",.0,"9",.0,"9",.0,"9",.0,"9",.0,"9",.0,"9",.0,"9",.0,"9",.0,"9",.0,"9",.6,"",.0,"9",.0,"9",0,"",0,"","",0,"8",0,"8",0,"8"
"349200660","NOWY S¥CZ","2004","05","03",18.8,"",10.4,"",13.4,"",9.0,"",16.1,"","W",0,"9",.0,"9",3.2,"",1.8,"",.0,"9",.0,"9",.1,"",.0,"9",.8,"",.0,"9",.0,"9",.0,"9",.0,"9",.0,"9",.0,"9",.0,"9",2.9,"",8.0,"",.0,"9",0,"",0,"","",0,"8",0,"8",0,"8"
"349200660","NOWY S¥CZ","2004","05","04",24.2,"",6.1,"",15.9,"",5.1,"",1.1,"","W",0,"9",.0,"9",8.4,"",.4,"",.0,"9",.0,"9",.0,"9",1.9,"",2.6,"",.0,"9",.0,"9",.0,"9",.0,"9",.0,"9",.0,"9",.0,"9",2.5,"",.0,"9",.0,"9",0,"",0,"","",0,"8",0,"8",0,"8"
"349200660","NOWY S¥CZ","2004","05","05",21.6,"",12.1,"",16.8,"",9.1,"",.1,"","W",0,"9",.0,"9",6.9,"",1.4,"",.0,"9",.0,"9",.0,"9",.0,"9",.0,"9",.0,"9",.0,"9",.0,"9",.0,"9",.0,"9",.0,"9",.0,"9",1.4,"",.0,"9",.0,"9",0,"",0,"","",0,"8",0,"8",0,"8"
"349200660","NOWY S¥CZ","2004","05","06",23.4,"",9.5,"",15.6,"",7.1,"",1.3,"","W",0,"9",.0,"9",7.8,"",2.0,"",.0,"9",.0,"9",.0,"9",.0,"9",.0,"9",.0,"9",.0,"9",.0,"9",.0,"9",.0,"9",.0,"9",.0,"9",2.0,"",.0,"9",.0,"9",0,"",0,"","",0,"8",0,"8",0,"8"
"349200660","NOWY S¥CZ","2004","05","07",20.1,"",8.7,"",12.6,"",6.4,"",11.2,"","W",0,"9",.0,"9",6.5,"",10.4,"",.0,"9",.0,"9",.0,"9",.0,"9",.0,"9",.0,"9",.0,"9",.0,"9",.0,"9",.0,"9",.0,"9",.0,"9",.0,"9",.0,"9",.0,"9",0,"",0,"","",0,"8",0,"8",0,"8"
"349200660","NOWY S¥CZ","2004","05","08",15.7,"",6.9,"",10.2,"",6.4,"",2.4,"","W",0,"9",.0,"9",2.9,"",6.4,"",.0,"9",.0,"9",.0,"9",.0,"9",.0,"9",.0,"9",.0,"9",.0,"9",.0,"9",.0,"9",.0,"9",.0,"9",.0,"9",.0,"9",.0,"9",0,"",0,"","",0,"8",0,"8",0,"8"
"349200660","NOWY S¥CZ","2004","05","09",17.0,"",6.8,"",11.0,"",5.2,"",3.5,"","W",0,"9",.0,"9",6.4,"",2.4,"",.0,"9",.0,"9",.1,"",.0,"9",.0,"9",.0,"9",.0,"9",.0,"9",.0,"9",.0,"9",.0,"9",.0,"9",4.3,"",.0,"9",.0,"9",0,"",0,"","",0,"8",0,"8",0,"8"
"349200660","NOWY S¥CZ","2004","05","10",16.6,"",6.1,"",11.5,"",4.2,"",.5,"","W",0,"9",.0,"9",8.6,"",.0,"9",.0,"9",.0,"9",.0,"9",.0,"9",.0,"9",.0,"9",.0,"9",.0,"9",.0,"9",.0,"9",.0,"9",.0,"9",.0,"9",5.0,"",.0,"9",0,"",0,"","",0,"8",0,"8",0,"8"
"349200660","NOWY S¥CZ","2004","05","11",18.6,"",8.2,"",12.6,"",6.8,"",.9,"","W",0,"9",.0,"9",5.6,"",2.9,"",.0,"9",.0,"9",.0,"9",.0,"9",.0,"9",.0,"9",.0,"9",.0,"9",.0,"9",.0,"9",.0,"9",.0,"9",.0,"9",4.3,"",.0,"9",0,"",0,"","",0,"8",0,"8",0,"8"
"349200660","NOWY S¥CZ","2004","05","12",19.0,"",9.3,"",13.2,"",8.5,"",.2,"","W",0,"9",.0,"9",5.5,"",.3,"",.0,"9",.0,"9",.0,"9",.0,"9",1.5,"",.0,"9",.0,"9",.0,"9",.0,"9",.0,"9",.0,"9",.0,"9",.0,"9",.0,"9",.0,"9",0,"",0,"","",0,"8",0,"8",0,"8"
"349200660","NOWY S¥CZ","2004","05","13",16.2,"",8.0,"",11.0,"",5.3,"",5.3,"","W",0,"9",.0,"9",1.5,"",8.8,"",.0,"9",.0,"9",.0,"9",.0,"9",8.2,"",.0,"9",.0,"9",.0,"9",.0,"9",.0,"9",.0,"9",.0,"9",.0,"9",8.0,"",.0,"9",0,"",0,"","",0,"8",0,"8",0,"8"
"349200660","NOWY S¥CZ","2004","05","14",11.5,"",6.2,"",8.0,"",6.0,"",.5,"","W",0,"9",.0,"9",.0,"",3.3,"",.0,"9",.0,"9",.0,"",.0,"9",7.7,"",.0,"9",.0,"9",.0,"9",.0,"9",.0,"9",.0,"9",.0,"9",.0,"9",.0,"9",.0,"9",0,"",0,"","",0,"8",0,"8",0,"8"
"349200660","NOWY S¥CZ","2004","05","15",16.1,"",1.2,"",8.4,"",.6,"",4.6,"","W",0,"9",.0,"9",6.4,"",7.6,"",.0,"9",.0,"9",.0,"9",4.5,"",2.3,"",.0,"9",.0,"9",.0,"9",.0,"9",.0,"9",.0,"9",.0,"9",.0,"9",.0,"9",.0,"9",0,"",0,"","",0,"8",0,"8",0,"8"
"349200660","NOWY S¥CZ","2004","05","16",11.6,"",7.8,"",8.2,"",7.3,"",5.2,"","W",0,"9",.0,"9",1.4,"",6.2,"",.0,"9",.0,"9",.0,"9",.4,"",4.4,"",.0,"9",.0,"9",.0,"9",.0,"9",.0,"9",.0,"9",.0,"9",.0,"9",.0,"9",.0,"9",0,"",0,"","",0,"8",0,"8",0,"8"
"349200660","NOWY S¥CZ","2004","05","17",16.5,"",4.0,"",10.6,"",2.4,"",.0,"","W",0,"9",.0,"9",7.1,"",.4,"",.0,"9",.0,"9",.0,"9",2.5,"",4.0,"",.0,"9",.0,"9",.0,"9",.0,"9",.0,"9",.0,"9",.0,"9",.0,"9",.0,"9",.0,"9",0,"",0,"","",0,"8",0,"8",0,"8"
"349200660","NOWY S¥CZ","2004","05","18",17.4,"",8.1,"",13.0,"",7.2,"",.3,"","W",0,"9",.0,"9",2.1,"",.3,"",.0,"9",.0,"9",.0,"9",.0,"9",.0,"9",.0,"9",.0,"9",.0,"9",.0,"9",.0,"9",.0,"9",.0,"9",.0,"9",5.0,"",.0,"9",0,"",0,"","",0,"8",0,"8",0,"8"
"349200660","NOWY S¥CZ","2004","05","19",20.3,"",11.2,"",15.6,"",9.7,"",.0,"","W",0,"9",.0,"9",8.0,"",1.1,"",.0,"9",.0,"9",.0,"9",.0,"9",.0,"9",.0,"9",.0,"9",.0,"9",.0,"9",.0,"9",.0,"9",.0,"9",.0,"9",1.7,"",.0,"9",0,"",0,"","",0,"8",0,"8",0,"8"
"349200660","NOWY S¥CZ","2004","05","20",19.5,"",10.1,"",14.7,"",7.0,"",.0,"","W",0,"9",.0,"9",6.8,"",.1,"",.0,"9",.0,"9",.0,"9",.0,"9",.0,"9",.0,"9",.0,"9",.0,"9",.0,"9",.0,"9",.0,"9",.0,"9",.0,"9",5.0,"",.0,"9",0,"",0,"","",0,"8",0,"8",0,"8"
"349200660","NOWY S¥CZ","2004","05","21",16.1,"",6.8,"",12.0,"",5.7,"",8.9,"","W",0,"9",.0,"9",1.1,"",4.5,"",.0,"9",.0,"9",.0,"9",.0,"9",7.8,"",.0,"9",.0,"9",.0,"9",.0,"9",.0,"9",.0,"9",.0,"9",.0,"9",9.4,"",.0,"9",0,"",0,"","",0,"8",0,"8",0,"8"
"349200660","NOWY S¥CZ","2004","05","22",13.9,"",5.6,"",8.9,"",5.6,"",4.8,"","W",0,"9",.0,"9",1.1,"",9.6,"",.0,"9",.0,"9",.0,"9",.0,"9",7.5,"",.0,"9",.0,"9",.0,"9",.0,"9",.0,"9",.0,"9",.0,"9",.0,"9",.0,"9",.0,"9",0,"",0,"","",0,"8",0,"8",0,"8"
"349200660","NOWY S¥CZ","2004","05","23",12.9,"",4.1,"",6.2,"",3.0,"",2.1,"","W",0,"9",.0,"9",6.8,"",2.6,"",.0,"9",.0,"9",.0,"9",.0,"9",3.5,"",.0,"9",.0,"9",.0,"9",.0,"9",.0,"9",.0,"9",.0,"9",.0,"9",.0,"9",.0,"9",0,"",0,"","",0,"8",0,"8",0,"8"
"349200660","NOWY S¥CZ","2004","05","24",13.4,"",1.6,"",7.3,"",.1,"",.5,"","W",0,"9",.0,"9",6.3,"",1.2,"",.0,"9",.0,"9",.0,"9",.0,"9",1.3,"",.0,"9",.0,"9",.0,"9",.0,"9",.0,"9",.0,"9",.0,"9",.0,"9",.0,"9",.0,"9",0,"",0,"","",0,"8",0,"8",0,"8"
"349200660","NOWY S¥CZ","2004","05","25",15.1,"",5.1,"",9.6,"",3.0,"",.1,"","W",0,"9",.0,"9",3.9,"",.5,"",.0,"9",.0,"9",.0,"9",.0,"9",.0,"9",.0,"9",.0,"9",.0,"9",.0,"9",.0,"9",.0,"9",.0,"9",.0,"9",.0,"9",.0,"9",0,"",0,"","",0,"8",0,"8",0,"8"
"349200660","NOWY S¥CZ","2004","05","26",16.1,"",7.3,"",10.9,"",5.7,"",7.4,"","W",0,"9",.0,"9",2.7,"",5.6,"",.0,"9",.0,"9",.0,"9",.0,"9",5.8,"",.0,"9",.0,"9",.0,"9",.0,"9",.0,"9",.0,"9",.0,"9",.0,"9",.0,"9",.0,"9",0,"",0,"","",0,"8",0,"8",0,"8"
"349200660","NOWY S¥CZ","2004","05","27",16.9,"",8.1,"",11.7,"",6.5,"",.1,"","W",0,"9",.0,"9",3.6,"",2.9,"",.0,"9",.0,"9",.0,"9",.0,"9",10.3,"",.0,"9",.0,"9",.0,"9",.0,"9",.0,"9",.0,"9",.0,"9",.0,"9",5.0,"",.0,"9",0,"",0,"","",0,"8",0,"8",0,"8"
"349200660","NOWY S¥CZ","2004","05","28",17.5,"",4.1,"",11.7,"",3.6,"",5.9,"","W",0,"9",.0,"9",1.1,"",1.3,"",.0,"9",.0,"9",.0,"9",2.8,"",4.3,"",.0,"9",.0,"9",.0,"9",.0,"9",.0,"9",.0,"9",.0,"9",.0,"9",1.7,"",.0,"9",0,"",0,"","",0,"8",0,"8",0,"8"
"349200660","NOWY S¥CZ","2004","05","29",14.4,"",9.8,"",11.3,"",9.6,"",2.0,"","W",0,"9",.0,"9",.0,"9",10.7,"",.0,"9",.0,"9",.0,"9",.0,"9",5.5,"",.0,"9",.0,"9",.0,"9",.0,"9",.0,"9",.0,"9",.0,"9",.0,"9",.0,"9",.0,"9",0,"",0,"","",0,"8",0,"8",0,"8"
"349200660","NOWY S¥CZ","2004","05","30",19.6,"",7.0,"",13.3,"",5.2,"",.0,"9","",0,"9",.0,"9",2.2,"",.0,"9",.0,"9",.0,"9",.0,"9",.0,"9",5.7,"",.0,"9",.0,"9",.0,"9",.0,"9",.0,"9",.0,"9",.0,"9",.0,"9",14.0,"",.0,"9",0,"",0,"","",0,"8",0,"8",0,"8"
"349200660","NOWY S¥CZ","2004","05","31",22.5,"",7.2,"",15.0,"",5.9,"",.0,"9","",0,"9",.0,"9",11.2,"",.0,"9",.0,"9",.0,"9",.0,"9",.0,"9",5.3,"",.0,"9",.0,"9",.0,"9",.0,"9",.0,"9",.0,"9",.0,"9",.0,"9",12.0,"",.0,"9",0,"",0,"","",0,"8",0,"8",0,"8"
"349200660","NOWY S¥CZ","2004","06","01",24.2,"",6.6,"",16.2,"",5.2,"",.0,"9","",0,"9",.0,"9",10.3,"",.0,"9",.0,"9",.0,"9",.0,"9",.0,"9",2.0,"",.0,"9",.0,"9",.0,"9",.0,"9",.0,"9",.0,"9",.0,"9",.0,"9",11.0,"",.0,"9",0,"",0,"","",0,"8",0,"8",0,"8"
"349200660","NOWY S¥CZ","2004","06","02",22.6,"",8.7,"",14.2,"",6.2,"",13.7,"","W",0,"9",.0,"9",3.0,"",6.5,"",.0,"9",.0,"9",.0,"9",.0,"9",4.5,"",.0,"9",.0,"9",.0,"9",.0,"9",.0,"9",.0,"9",.0,"9",3.0,"",7.8,"",.0,"9",0,"",0,"","",0,"8",0,"8",0,"8"
"349200660","NOWY S¥CZ","2004","06","03",21.3,"",11.6,"",15.4,"",11.6,"",.0,"","W",0,"9",.0,"9",2.0,"",3.8,"",.0,"9",.0,"9",.0,"9",.0,"9",3.3,"",.0,"9",.0,"9",.0,"9",.0,"9",.0,"9",.0,"9",.0,"9",.0,"9",.0,"9",.0,"9",0,"",0,"","",0,"8",0,"8",0,"8"
"349200660","NOWY S¥CZ","2004","06","04",21.9,"",9.7,"",14.7,"",8.7,"",10.1,"","W",0,"9",.0,"9",2.7,"",7.9,"",.0,"9",.0,"9",.0,"9",.0,"9",5.5,"",.0,"9",.0,"9",.0,"9",.0,"9",.0,"9",.0,"9",.0,"9",4.4,"",.0,"9",.0,"9",0,"",0,"","",0,"8",0,"8",0,"8"
"349200660","NOWY S¥CZ","2004","06","05",20.2,"",11.8,"",14.6,"",11.3,"",.6,"","W",0,"9",.0,"9",3.3,"",2.0,"",.0,"9",.0,"9",.0,"9",1.7,"",8.5,"",.0,"9",.0,"9",.0,"9",.0,"9",.0,"9",.0,"9",.0,"9",3.6,"",.0,"9",.0,"9",0,"",0,"","",0,"8",0,"8",0,"8"
"349200660","NOWY S¥CZ","2004","06","06",20.8,"",11.2,"",14.9,"",11.2,"",21.4,"","W",0,"9",.0,"9",2.8,"",5.1,"",.0,"9",.0,"9",.0,"9",4.7,"",8.5,"",.0,"9",.0,"9",.0,"9",.0,"9",.0,"9",.0,"9",.0,"9",1.4,"",.0,"9",.0,"9",0,"",0,"","",0,"8",0,"8",0,"8"
"349200660","NOWY S¥CZ","2004","06","07",22.7,"",13.5,"",17.3,"",12.8,"",.0,"9","",0,"9",.0,"9",8.2,"",.0,"9",.0,"9",.0,"9",.0,"9",.0,"9",6.3,"",.0,"9",.0,"9",.0,"9",.0,"9",.0,"9",.0,"9",.0,"9",.0,"9",5.0,"",.0,"9",0,"",0,"","",0,"8",0,"8",0,"8"
"349200660","NOWY S¥CZ","2004","06","08",25.4,"",9.5,"",18.4,"",8.5,"",8.9,"","W",0,"9",.0,"9",10.6,"",.5,"",.0,"9",.0,"9",.0,"9",.0,"9",2.0,"",.0,"9",.0,"9",.0,"9",.0,"9",.0,"9",.0,"9",.0,"9",2.1,"",9.0,"",.0,"9",0,"",0,"","",0,"8",0,"8",0,"8"
"349200660","NOWY S¥CZ","2004","06","09",22.5,"",12.9,"",16.8,"",12.0,"",.0,"","W",0,"9",.0,"9",8.5,"",.8,"",.0,"9",.0,"9",.0,"9",.0,"9",.0,"9",.0,"9",.0,"9",.0,"9",.0,"9",.0,"9",.0,"9",.0,"9",.1,"",.0,"9",.0,"9",0,"",0,"","",0,"8",0,"8",0,"8"
"349200660","NOWY S¥CZ","2004","06","10",24.8,"",12.5,"",18.0,"",12.5,"",2.0,"","W",0,"9",.0,"9",8.2,"",1.6,"",.0,"9",.0,"9",.0,"9",.0,"9",.0,"9",.0,"9",.0,"9",.0,"9",.0,"9",.0,"9",.0,"9",.0,"9",.6,"",7.0,"",.0,"9",0,"",0,"","",0,"8",0,"8",0,"8"
"349200660","NOWY S¥CZ","2004","06","11",18.9,"",14.8,"",17.0,"",13.9,"",8.5,"","W",0,"9",.0,"9",.0,"9",7.7,"",.0,"9",.0,"9",.0,"9",.0,"9",7.4,"",.0,"9",.0,"9",.0,"9",.0,"9",.0,"9",.0,"9",.0,"9",.0,"9",.0,"9",.0,"9",0,"",0,"","",0,"8",0,"8",0,"8"
"349200660","NOWY S¥CZ","2004","06","12",22.0,"",13.7,"",16.9,"",13.1,"",19.1,"","W",0,"9",.0,"9",4.3,"",4.4,"",.0,"9",.0,"9",.0,"9",.0,"9",4.6,"",.0,"9",.0,"9",.0,"9",.0,"9",.0,"9",.0,"9",.0,"9",.0,"9",.0,"9",.0,"9",0,"",0,"","",0,"8",0,"8",0,"8"
"349200660","NOWY S¥CZ","2004","06","13",18.4,"",13.0,"",15.3,"",12.9,"",.0,"","W",0,"9",.0,"9",.0,"",.3,"",.0,"9",.0,"9",.0,"9",.0,"9",.0,"9",.0,"9",.0,"9",.0,"9",.0,"9",.0,"9",.0,"9",.0,"9",.0,"9",.0,"9",.0,"9",0,"",0,"","",0,"8",0,"8",0,"8"
"349200660","NOWY S¥CZ","2004","06","14",23.2,"",7.9,"",16.3,"",7.5,"",.0,"9","",0,"9",.0,"9",11.4,"",.0,"9",.0,"9",.0,"9",.0,"9",2.2,"",2.0,"",.0,"9",.0,"9",.0,"9",.0,"9",.0,"9",.0,"9",.0,"9",.0,"9",3.0,"",.0,"9",0,"",0,"","",0,"8",0,"8",0,"8"
"349200660","NOWY S¥CZ","2004","06","15",25.8,"",11.2,"",19.1,"",9.5,"",.8,"","W",0,"9",.0,"9",6.1,"",.0,"9",.0,"9",.0,"9",.0,"9",.0,"9",.0,"9",.0,"9",.0,"9",.0,"9",.0,"9",.0,"9",.0,"9",.0,"9",.0,"9",12.0,"",.0,"9",0,"",0,"","",0,"8",0,"8",0,"8"
"349200660","NOWY S¥CZ","2004","06","16",22.6,"",12.0,"",14.7,"",11.4,"",.5,"","W",0,"9",.0,"9",8.1,"",4.9,"",.0,"9",.0,"9",.0,"9",.0,"9",.0,"9",.0,"9",.0,"9",.0,"9",.0,"9",.0,"9",.0,"9",.0,"9",.0,"9",1.9,"",.0,"9",0,"",0,"","",0,"8",0,"8",0,"8"
"349200660","NOWY S¥CZ","2004","06","17",21.1,"",9.2,"",15.2,"",7.8,"",.0,"","W",0,"9",.0,"9",11.4,"",.0,"9",.0,"9",.0,"9",.0,"9",.0,"9",.0,"9",.0,"9",.0,"9",.0,"9",.0,"9",.0,"9",.0,"9",.0,"9",.0,"9",3.0,"",.0,"9",0,"",0,"","",0,"8",0,"8",0,"8"
"349200660","NOWY S¥CZ","2004","06","18",21.5,"",8.7,"",15.4,"",7.6,"",.0,"","W",0,"9",.0,"9",3.5,"",1.1,"",.0,"9",.0,"9",.0,"9",.0,"9",1.5,"",.0,"9",.0,"9",.0,"9",.0,"9",.0,"9",.0,"9",.0,"9",.0,"9",4.2,"",.0,"9",0,"",0,"","",0,"8",0,"8",0,"8"
"349200660","NOWY S¥CZ","2004","06","19",24.9,"",9.7,"",17.8,"",8.0,"",19.2,"","W",0,"9",.0,"9",10.9,"",1.4,"",.0,"9",.0,"9",.0,"9",.0,"9",3.5,"",.0,"9",.0,"9",.0,"9",.0,"9",.0,"9",.0,"9",.0,"9",1.4,"",.0,"9",.0,"9",0,"",0,"","",0,"8",0,"8",0,"8"
"349200660","NOWY S¥CZ","2004","06","20",21.6,"",14.0,"",15.3,"",13.8,"",4.8,"","W",0,"9",.0,"9",.5,"",5.4,"",.0,"9",.0,"9",.0,"9",.0,"9",5.6,"",.0,"9",.0,"9",.0,"9",.0,"9",.0,"9",.0,"9",.0,"9",2.8,"",.0,"9",.0,"9",0,"",0,"","",0,"8",0,"8",0,"8"
"349200660","NOWY S¥CZ","2004","06","21",17.7,"",13.1,"",14.2,"",13.0,"",3.7,"","W",0,"9",.0,"9",1.2,"",7.1,"",.0,"9",.0,"9",.0,"9",.2,"",6.7,"",.0,"9",.0,"9",.0,"9",.0,"9",.0,"9",.0,"9",.0,"9",.0,"9",.0,"9",.0,"9",0,"",0,"","",0,"8",0,"8",0,"8"
"349200660","NOWY S¥CZ","2004","06","22",24.1,"",7.8,"",16.1,"",7.6,"",.0,"9","",0,"9",.0,"9",8.3,"",.0,"9",.0,"9",.0,"9",.0,"9",5.1,"",.4,"",.0,"9",.0,"9",.0,"9",.0,"9",.0,"9",.0,"9",.0,"9",.0,"9",5.0,"",.0,"9",0,"",0,"","",0,"8",0,"8",0,"8"
"349200660","NOWY S¥CZ","2004","06","23",27.9,"",9.8,"",19.7,"",8.7,"",.0,"9","",0,"9",.0,"9",11.7,"",.0,"9",.0,"9",.0,"9",.0,"9",.0,"9",.0,"9",.0,"9",.0,"9",.0,"9",.0,"9",.0,"9",.0,"9",.0,"9",.0,"9",13.0,"",.0,"9",0,"",0,"","",0,"8",0,"8",0,"8"
"349200660","NOWY S¥CZ","2004","06","24",26.6,"",14.0,"",19.0,"",12.5,"",.7,"","W",0,"9",.0,"9",5.9,"",.5,"",.0,"9",.0,"9",.0,"9",.0,"9",.8,"",.0,"9",.0,"9",.0,"9",.0,"9",.0,"9",.0,"9",.0,"9",1.2,"",7.6,"",.0,"9",0,"",0,"","",0,"8",0,"8",0,"8"
"349200660","NOWY S¥CZ","2004","06","25",21.1,"",11.7,"",14.4,"",10.9,"",9.2,"","W",0,"9",.0,"9",1.9,"",8.2,"",.0,"9",.0,"9",.0,"9",.0,"9",5.5,"",.0,"9",.0,"9",.0,"9",.0,"9",.0,"9",.0,"9",.0,"9",.0,"9",.0,"9",.0,"9",0,"",0,"","",0,"8",0,"8",0,"8"
"349200660","NOWY S¥CZ","2004","06","26",18.4,"",8.3,"",13.5,"",6.8,"",.2,"","W",0,"9",.0,"9",5.4,"",.3,"",.0,"9",.0,"9",.0,"9",.0,"9",4.5,"",.0,"9",.0,"9",.0,"9",.0,"9",.0,"9",.0,"9",.0,"9",.0,"9",.0,"9",.0,"9",0,"",0,"","",0,"8",0,"8",0,"8"
"349200660","NOWY S¥CZ","2004","06","27",21.6,"",8.5,"",15.2,"",7.3,"",.1,"","W",0,"9",.0,"9",6.7,"",1.1,"",.0,"9",.0,"9",.0,"9",.0,"9",2.3,"",.0,"9",.0,"9",.0,"9",.0,"9",.0,"9",.0,"9",.0,"9",.0,"9",.0,"9",.0,"9",0,"",0,"","",0,"8",0,"8",0,"8"
"349200660","NOWY S¥CZ","2004","06","28",25.0,"",10.9,"",17.9,"",10.3,"",1.4,"","W",0,"9",.0,"9",10.6,"",.5,"",.0,"9",.0,"9",.0,"9",.0,"9",.0,"9",.0,"9",.0,"9",.0,"9",.0,"9",.0,"9",.0,"9",.0,"9",.0,"9",.0,"9",.0,"9",0,"",0,"","",0,"8",0,"8",0,"8"
"349200660","NOWY S¥CZ","2004","06","29",20.5,"",12.6,"",15.2,"",10.2,"",.3,"","W",0,"9",.0,"9",7.2,"",1.5,"",.0,"9",.0,"9",.0,"9",.0,"9",.0,"9",.0,"9",.0,"9",.0,"9",.0,"9",.0,"9",.0,"9",.0,"9",.0,"9",.0,"9",.0,"9",0,"",0,"","",0,"8",0,"8",0,"8"
"349200660","NOWY S¥CZ","2004","06","30",20.3,"",10.2,"",15.0,"",8.8,"",.0,"","W",0,"9",.0,"9",5.5,"",.2,"",.0,"9",.0,"9",.0,"9",.0,"9",.0,"9",.0,"9",.0,"9",.0,"9",.0,"9",.0,"9",.0,"9",.0,"9",.0,"9",.0,"9",.0,"9",0,"",0,"","",0,"8",0,"8",0,"8"
"349200660","NOWY S¥CZ","2004","07","01",26.4,"",9.2,"",18.4,"",7.8,"",7.0,"","W",0,"9",.0,"9",9.0,"",3.6,"",.0,"9",.0,"9",.0,"9",.0,"9",.0,"9",.0,"9",.0,"9",.0,"9",.0,"9",.0,"9",.0,"9",.0,"9",.0,"9",.0,"9",.0,"9",0,"",0,"","",0,"8",0,"8",0,"8"
"349200660","NOWY S¥CZ","2004","07","02",22.1,"",14.0,"",16.4,"",13.7,"",.7,"","W",0,"9",.0,"9",5.4,"",3.5,"",.0,"9",.0,"9",.0,"9",.0,"9",2.5,"",.0,"9",.0,"9",.0,"9",.0,"9",.0,"9",.0,"9",.0,"9",.0,"9",.0,"9",.0,"9",0,"",0,"","",0,"8",0,"8",0,"8"
"349200660","NOWY S¥CZ","2004","07","03",22.6,"",9.6,"",16.1,"",9.0,"",.0,"","W",0,"9",.0,"9",9.8,"",.4,"",.0,"9",.0,"9",.0,"9",.0,"9",3.2,"",.0,"9",.0,"9",.0,"9",.0,"9",.0,"9",.0,"9",.0,"9",.0,"9",.0,"9",.0,"9",0,"",0,"","",0,"8",0,"8",0,"8"
"349200660","NOWY S¥CZ","2004","07","04",23.2,"",9.6,"",16.6,"",8.4,"",.0,"9","",0,"9",.0,"9",11.8,"",.0,"9",.0,"9",.0,"9",.0,"9",.0,"9",.0,"9",.0,"9",.0,"9",.0,"9",.0,"9",.0,"9",.0,"9",.0,"9",.0,"9",3.0,"",.0,"9",0,"",0,"","",0,"8",0,"8",0,"8"
"349200660","NOWY S¥CZ","2004","07","05",26.5,"",12.6,"",19.2,"",12.3,"",.2,"","W",0,"9",.0,"9",6.5,"",.7,"",.0,"9",.0,"9",.0,"9",.0,"9",.0,"9",.0,"9",.0,"9",.0,"9",.0,"9",.0,"9",.0,"9",.0,"9",.4,"",8.0,"",.0,"9",0,"",0,"","",0,"8",0,"8",0,"8"
"349200660","NOWY S¥CZ","2004","07","06",19.4,"",13.5,"",14.9,"",12.2,"",5.8,"","W",0,"9",.0,"9",2.2,"",6.9,"",.0,"9",.0,"9",.0,"9",1.3,"",3.3,"",.0,"9",.0,"9",.0,"9",.0,"9",.0,"9",.0,"9",.0,"9",.0,"9",.0,"9",.0,"9",0,"",0,"","",0,"8",0,"8",0,"8"
"349200660","NOWY S¥CZ","2004","07","07",22.6,"",8.7,"",15.6,"",8.5,"",.0,"9","",0,"9",.0,"9",9.3,"",.0,"9",.0,"9",.0,"9",.0,"9",6.7,"",1.8,"",.0,"9",.0,"9",.0,"9",.0,"9",.0,"9",.0,"9",.0,"9",.0,"9",4.0,"",.0,"9",0,"",0,"","",0,"8",0,"8",0,"8"
"349200660","NOWY S¥CZ","2004","07","08",29.0,"",11.6,"",20.6,"",11.3,"",.0,"9","",0,"9",.0,"9",10.9,"",.0,"9",.0,"9",.0,"9",.0,"9",.0,"9",.0,"9",.0,"9",.0,"9",.0,"9",.0,"9",.0,"9",.0,"9",.0,"9",.0,"9",12.0,"",.0,"9",0,"",0,"","",0,"8",0,"8",0,"8"
"349200660","NOWY S¥CZ","2004","07","09",32.8,"",16.7,"",22.9,"",15.0,"",.0,"","W",0,"9",.0,"9",9.1,"",.3,"",.0,"9",.0,"9",.0,"9",.0,"9",.0,"9",.0,"9",.0,"9",.0,"9",.0,"9",.0,"9",.0,"9",.0,"9",.0,"9",8.0,"",.0,"9",0,"",0,"","",0,"8",0,"8",0,"8"
"349200660","NOWY S¥CZ","2004","07","10",23.5,"",12.3,"",16.9,"",11.1,"",1.0,"","W",0,"9",.0,"9",7.4,"",2.2,"",.0,"9",.0,"9",.0,"9",.0,"9",3.5,"",.0,"9",.0,"9",.0,"9",.0,"9",.0,"9",.0,"9",.0,"9",1.3,"",.0,"9",.0,"9",0,"",0,"","",0,"8",0,"8",0,"8"
"349200660","NOWY S¥CZ","2004","07","11",21.4,"",10.4,"",15.6,"",9.4,"",3.5,"","W",0,"9",.0,"9",7.6,"",5.8,"",.0,"9",.0,"9",.0,"9",.0,"9",6.8,"",.0,"9",.0,"9",.0,"9",.0,"9",.0,"9",.0,"9",.0,"9",.0,"9",7.0,"",.0,"9",0,"",0,"","",0,"8",0,"8",0,"8"
"349200660","NOWY S¥CZ","2004","07","12",19.4,"",11.6,"",14.2,"",11.4,"",4.4,"","W",0,"9",.0,"9",5.9,"",6.3,"",.0,"9",.0,"9",.0,"9",.0,"9",1.7,"",.0,"9",.0,"9",.0,"9",.0,"9",.0,"9",.0,"9",.0,"9",1.0,"",.0,"9",.0,"9",0,"",0,"","",0,"8",0,"8",0,"8"
"349200660","NOWY S¥CZ","2004","07","13",19.0,"",9.1,"",13.6,"",8.0,"",.8,"","W",0,"9",.0,"9",2.9,"",.7,"",.0,"9",.0,"9",.0,"9",.0,"9",.0,"9",.0,"9",.0,"9",.0,"9",.0,"9",.0,"9",.0,"9",.0,"9",.0,"9",.0,"9",.0,"9",0,"",0,"","",0,"8",0,"8",0,"8"
"349200660","NOWY S¥CZ","2004","07","14",15.1,"",10.4,"",12.6,"",8.4,"",.9,"","W",0,"9",.0,"9",.1,"",2.8,"",.0,"9",.0,"9",.0,"9",.0,"9",.0,"9",.0,"9",.0,"9",.0,"9",.0,"9",.0,"9",.0,"9",.0,"9",.0,"9",.0,"9",.0,"9",0,"",0,"","",0,"8",0,"8",0,"8"
"349200660","NOWY S¥CZ","2004","07","15",17.6,"",10.7,"",14.1,"",9.6,"",1.4,"","W",0,"9",.0,"9",.0,"",2.1,"",.0,"9",.0,"9",.0,"9",.0,"9",5.7,"",.0,"9",.0,"9",.0,"9",.0,"9",.0,"9",.0,"9",.0,"9",.0,"9",.0,"9",.0,"9",0,"",0,"","",0,"8",0,"8",0,"8"
"349200660","NOWY S¥CZ","2004","07","16",22.7,"",12.5,"",17.9,"",10.7,"",3.4,"","W",0,"9",.0,"9",3.3,"",4.6,"",.0,"9",.0,"9",.0,"9",.0,"9",4.8,"",.0,"9",.0,"9",.0,"9",.0,"9",.0,"9",.0,"9",.0,"9",.0,"9",.0,"9",.0,"9",0,"",0,"","",0,"8",0,"8",0,"8"
"349200660","NOWY S¥CZ","2004","07","17",26.1,"",15.7,"",20.3,"",15.5,"",.0,"9","",0,"9",.0,"9",8.0,"",.0,"9",.0,"9",.0,"9",.0,"9",.0,"9",3.5,"",.0,"9",.0,"9",.0,"9",.0,"9",.0,"9",.0,"9",.0,"9",.0,"9",5.0,"",.0,"9",0,"",0,"","",0,"8",0,"8",0,"8"
"349200660","NOWY S¥CZ","2004","07","18",29.3,"",14.3,"",21.0,"",12.7,"",.5,"","W",0,"9",.0,"9",7.4,"",.9,"",.0,"9",.0,"9",.0,"9",.0,"9",3.2,"",.0,"9",.0,"9",.0,"9",.0,"9",.0,"9",.0,"9",.0,"9",2.3,"",9.0,"",.0,"9",0,"",0,"","",0,"8",0,"8",0,"8"
"349200660","NOWY S¥CZ","2004","07","19",29.8,"",14.6,"",20.7,"",13.4,"",1.6,"","W",0,"9",.0,"9",8.2,"",2.9,"",.0,"9",.0,"9",.0,"9",.0,"9",3.3,"",.0,"9",.0,"9",.0,"9",.0,"9",.0,"9",.0,"9",.0,"9",6.8,"",.0,"9",.0,"9",0,"",0,"","",0,"8",0,"8",0,"8"
"349200660","NOWY S¥CZ","2004","07","20",30.3,"",14.0,"",22.2,"",13.5,"",.0,"9","",0,"9",.0,"9",9.9,"",.0,"9",.0,"9",.0,"9",.0,"9",3.5,"",6.7,"",.0,"9",.0,"9",.0,"9",.0,"9",.0,"9",.0,"9",.0,"9",.0,"9",3.0,"",.0,"9",0,"",0,"","",0,"8",0,"8",0,"8"
"349200660","NOWY S¥CZ","2004","07","21",28.1,"",16.4,"",20.8,"",15.2,"",7.0,"","W",0,"9",.0,"9",6.7,"",2.3,"",.0,"9",.0,"9",.0,"9",.0,"9",9.3,"",.0,"9",.0,"9",.0,"9",.0,"9",.0,"9",.0,"9",.0,"9",3.6,"",9.0,"",.0,"9",0,"",0,"","",0,"8",0,"8",0,"8"
"349200660","NOWY S¥CZ","2004","07","22",30.2,"",15.3,"",22.8,"",13.9,"",.0,"","W",0,"9",.0,"9",10.8,"",.3,"",.0,"9",.0,"9",.0,"9",2.9,"",3.9,"",.0,"9",.0,"9",.0,"9",.0,"9",.0,"9",.0,"9",.0,"9",.0,"9",1.9,"",.0,"9",0,"",0,"","",0,"8",0,"8",0,"8"
"349200660","NOWY S¥CZ","2004","07","23",25.7,"",18.0,"",20.5,"",17.4,"",.1,"","W",0,"9",.0,"9",2.3,"",1.4,"",.0,"9",.0,"9",.0,"9",.0,"9",12.0,"",.0,"9",.0,"9",.0,"9",.0,"9",.0,"9",.0,"9",.0,"9",1.1,"",.0,"9",.0,"9",0,"",0,"","",0,"8",0,"8",0,"8"
"349200660","NOWY S¥CZ","2004","07","24",26.4,"",16.4,"",20.7,"",15.4,"",.1,"","W",0,"9",.0,"9",4.6,"",1.3,"",.0,"9",.0,"9",.0,"9",5.0,"",3.8,"",.0,"9",.0,"9",.0,"9",.0,"9",.0,"9",.0,"9",.0,"9",.0,"9",.0,"9",.0,"9",0,"",0,"","",0,"8",0,"8",0,"8"
"349200660","NOWY S¥CZ","2004","07","25",23.4,"",16.3,"",18.9,"",15.8,"",.0,"","W",0,"9",.0,"9",.5,"",.1,"",.0,"9",.0,"9",.0,"9",.0,"9",7.0,"",.0,"9",.0,"9",.0,"9",.0,"9",.0,"9",.0,"9",.0,"9",.0,"9",.0,"9",.0,"9",0,"",0,"","",0,"8",0,"8",0,"8"
"349200660","NOWY S¥CZ","2004","07","26",21.0,"",14.6,"",17.2,"",13.7,"",14.3,"","W",0,"9",.0,"9",.0,"9",12.2,"",.0,"9",.0,"9",.0,"9",.0,"9",17.8,"",.0,"9",.0,"9",.0,"9",.0,"9",.0,"9",.0,"9",.0,"9",.0,"9",.0,"9",.0,"9",0,"",0,"","",0,"8",0,"8",0,"8"
"349200660","NOWY S¥CZ","2004","07","27",17.6,"",13.3,"",14.3,"",13.1,"",39.3,"","W",0,"9",.0,"9",.0,"9",24.0,"",.0,"9",.0,"9",.0,"9",.0,"9",22.6,"",.0,"9",.0,"9",.0,"9",.0,"9",.0,"9",.0,"9",.0,"9",.0,"9",.0,"9",.0,"9",0,"",0,"","",0,"8",0,"8",0,"8"
"349200660","NOWY S¥CZ","2004","07","28",13.9,"",11.4,"",12.2,"",11.4,"",60.7,"","W",0,"9",.0,"9",.0,"9",24.0,"",.0,"9",.0,"9",.0,"9",.0,"9",21.8,"",.0,"9",.0,"9",.0,"9",.0,"9",.0,"9",.0,"9",.0,"9",.0,"9",.0,"9",.0,"9",0,"",0,"","",0,"8",0,"8",0,"8"
"349200660","NOWY S¥CZ","2004","07","29",15.8,"",11.9,"",14.5,"",11.8,"",14.9,"","W",0,"9",.0,"9",.0,"9",17.8,"",.0,"9",.0,"9",.0,"9",.0,"9",20.6,"",.0,"9",.0,"9",.0,"9",.0,"9",.0,"9",.0,"9",.0,"9",.0,"9",.0,"9",.0,"9",0,"",0,"","",0,"8",0,"8",0,"8"
"349200660","NOWY S¥CZ","2004","07","30",16.7,"",14.5,"",15.4,"",13.3,"",27.7,"","W",0,"9",.0,"9",.0,"9",14.1,"",.0,"9",.0,"9",.0,"9",.3,"",23.8,"",.0,"9",.0,"9",.0,"9",.0,"9",.0,"9",.0,"9",.0,"9",.8,"",.0,"9",.0,"9",0,"",0,"","",0,"8",0,"8",0,"8"
"349200660","NOWY S¥CZ","2004","07","31",24.5,"",13.3,"",18.0,"",13.1,"",.0,"9","",0,"9",.0,"9",9.9,"",.0,"9",.0,"9",.0,"9",.0,"9",6.5,"",2.0,"",.0,"9",.0,"9",.0,"9",.0,"9",.0,"9",.0,"9",.0,"9",.0,"9",.0,"9",.0,"9",0,"",0,"","",0,"8",0,"8",0,"8"
"349200660","NOWY S¥CZ","2004","08","01",24.1,"",9.3,"",17.3,"",8.5,"",.0,"9","",0,"9",.0,"9",9.1,"",.0,"9",.0,"9",.0,"9",.0,"9",3.1,"",3.1,"",.0,"9",.0,"9",.0,"9",.0,"9",.0,"9",.0,"9",.0,"9",.0,"9",5.0,"",.0,"9",0,"",0,"","",0,"8",0,"8",0,"8"
"349200660","NOWY S¥CZ","2004","08","02",22.8,"",13.9,"",17.5,"",13.0,"",.1,"","W",0,"9",.0,"9",4.9,"",.6,"",.0,"9",.0,"9",.0,"9",.0,"9",.3,"",.0,"9",.0,"9",.0,"9",.0,"9",.0,"9",.0,"9",.0,"9",.0,"9",8.0,"",.0,"9",0,"",0,"","",0,"8",0,"8",0,"8"
"349200660","NOWY S¥CZ","2004","08","03",22.8,"",13.3,"",17.0,"",12.6,"",.5,"","W",0,"9",.0,"9",7.7,"",2.0,"",.0,"9",.0,"9",.0,"9",.0,"9",8.0,"",.0,"9",.0,"9",.0,"9",.0,"9",.0,"9",.0,"9",.0,"9",.9,"",.0,"9",.0,"9",0,"",0,"","",0,"8",0,"8",0,"8"
"349200660","NOWY S¥CZ","2004","08","04",23.7,"",11.3,"",17.7,"",10.4,"",.1,"","W",0,"9",.0,"9",5.3,"",.0,"9",.0,"9",.0,"9",.0,"9",4.1,"",7.3,"",.0,"9",.0,"9",.0,"9",.0,"9",.0,"9",.0,"9",.0,"9",.0,"9",4.0,"",.0,"9",0,"",0,"","",0,"8",0,"8",0,"8"
"349200660","NOWY S¥CZ","2004","08","05",22.3,"",13.6,"",17.7,"",12.4,"",.0,"","W",0,"9",.0,"9",2.9,"",.6,"",.0,"9",.0,"9",.0,"9",2.7,"",4.6,"",.0,"9",.0,"9",.0,"9",.0,"9",.0,"9",.0,"9",.0,"9",.0,"9",3.8,"",.0,"9",0,"",0,"","",0,"8",0,"8",0,"8"
"349200660","NOWY S¥CZ","2004","08","06",21.2,"",15.7,"",18.2,"",15.3,"",.7,"","W",0,"9",.0,"9",1.5,"",.2,"",.0,"9",.0,"9",.0,"9",.0,"9",.0,"9",.0,"9",.0,"9",.0,"9",.0,"9",.0,"9",.0,"9",.0,"9",.0,"9",12.0,"",.0,"9",0,"",0,"","",0,"8",0,"8",0,"8"
"349200660","NOWY S¥CZ","2004","08","07",23.8,"",15.2,"",18.3,"",13.3,"",.9,"","W",0,"9",.0,"9",2.2,"",2.5,"",.0,"9",.0,"9",.0,"9",.0,"9",6.5,"",.0,"9",.0,"9",.0,"9",.0,"9",.0,"9",.0,"9",.0,"9",.8,"",4.7,"",.0,"9",0,"",0,"","",0,"8",0,"8",0,"8"
"349200660","NOWY S¥CZ","2004","08","08",24.8,"",12.1,"",17.3,"",10.4,"",1.1,"","W",0,"9",.0,"9",4.1,"",.7,"",.0,"9",.0,"9",.0,"9",4.0,"",6.2,"",.0,"9",.0,"9",.0,"9",.0,"9",.0,"9",.0,"9",.0,"9",.0,"9",.0,"9",.0,"9",0,"",0,"","",0,"8",0,"8",0,"8"
"349200660","NOWY S¥CZ","2004","08","09",24.4,"",11.8,"",17.0,"",11.6,"",.0,"","W",0,"9",.0,"9",4.0,"",.2,"",.0,"9",.0,"9",.0,"9",5.8,"",5.7,"",.0,"9",.0,"9",.0,"9",.0,"9",.0,"9",.0,"9",.0,"9",.8,"",.0,"9",.0,"9",0,"",0,"","",0,"8",0,"8",0,"8"
"349200660","NOWY S¥CZ","2004","08","10",26.9,"",12.9,"",19.3,"",11.6,"",.0,"","W",0,"9",.0,"9",10.1,"",.3,"",.0,"9",.0,"9",.0,"9",.0,"9",5.8,"",.0,"9",.0,"9",.0,"9",.0,"9",.0,"9",.0,"9",.0,"9",.0,"9",.0,"9",.0,"9",0,"",0,"","",0,"8",0,"8",0,"8"
"349200660","NOWY S¥CZ","2004","08","11",27.4,"",12.3,"",19.8,"",11.1,"",.0,"9","",0,"9",.0,"9",12.1,"",.0,"9",.0,"9",.0,"9",.0,"9",1.7,"",5.0,"",.0,"9",.0,"9",.0,"9",.0,"9",.0,"9",.0,"9",.0,"9",.0,"9",4.0,"",.0,"9",0,"",0,"","",0,"8",0,"8",0,"8"
"349200660","NOWY S¥CZ","2004","08","12",29.2,"",12.9,"",21.2,"",11.6,"",1.3,"","W",0,"9",.0,"9",11.6,"",.0,"9",.0,"9",.0,"9",.0,"9",1.1,"",3.6,"",.0,"9",.0,"9",.0,"9",.0,"9",.0,"9",.0,"9",.0,"9",.0,"9",6.3,"",.0,"9",0,"",0,"","",0,"8",0,"8",0,"8"
"349200660","NOWY S¥CZ","2004","08","13",24.7,"",16.1,"",18.2,"",14.4,"",1.1,"","W",0,"9",.0,"9",1.9,"",2.2,"",.0,"9",.0,"9",.0,"9",.0,"9",3.3,"",.0,"9",.0,"9",.0,"9",.0,"9",.0,"9",.0,"9",.0,"9",.0,"9",4.1,"",.0,"9",0,"",0,"","",0,"8",0,"8",0,"8"
"349200660","NOWY S¥CZ","2004","08","14",21.1,"",13.6,"",16.5,"",10.3,"",6.2,"","W",0,"9",.0,"9",2.8,"",2.6,"",.0,"9",.0,"9",.0,"9",.0,"9",.0,"9",.0,"9",.0,"9",.0,"9",.0,"9",.0,"9",.0,"9",.0,"9",.0,"9",.0,"9",.0,"9",0,"",0,"","",0,"8",0,"8",0,"8"
"349200660","NOWY S¥CZ","2004","08","15",22.6,"",11.7,"",16.6,"",9.5,"",.0,"9","",0,"9",.0,"9",12.9,"",.0,"9",.0,"9",.0,"9",.0,"9",.0,"9",.0,"9",.0,"9",.0,"9",.0,"9",.0,"9",.0,"9",.0,"9",.0,"9",.0,"9",4.0,"",.0,"9",0,"",0,"","",0,"8",0,"8",0,"8"
"349200660","NOWY S¥CZ","2004","08","16",27.0,"",8.4,"",17.7,"",6.8,"",.0,"9","",0,"9",.0,"9",12.4,"",.0,"9",.0,"9",.0,"9",.0,"9",.0,"9",.0,"9",.0,"9",.0,"9",.0,"9",.0,"9",.0,"9",.0,"9",.0,"9",.0,"9",14.0,"",.0,"9",0,"",0,"","",0,"8",0,"8",0,"8"
"349200660","NOWY S¥CZ","2004","08","17",28.1,"",10.6,"",20.0,"",8.6,"",.0,"9","",0,"9",.0,"9",10.9,"",.0,"9",.0,"9",.0,"9",.0,"9",.0,"9",.0,"9",.0,"9",.0,"9",.0,"9",.0,"9",.0,"9",.0,"9",.0,"9",.0,"9",10.0,"",.0,"9",0,"",0,"","",0,"8",0,"8",0,"8"
"349200660","NOWY S¥CZ","2004","08","18",28.9,"",13.2,"",21.8,"",11.0,"",.0,"9","",0,"9",.0,"9",12.7,"",.0,"9",.0,"9",.0,"9",.0,"9",.0,"9",.0,"9",.0,"9",.0,"9",.0,"9",.0,"9",.0,"9",.0,"9",.0,"9",.0,"9",13.0,"",.0,"9",0,"",0,"","",0,"8",0,"8",0,"8"
"349200660","NOWY S¥CZ","2004","08","19",31.6,"",14.2,"",22.9,"",12.1,"",.0,"9","",0,"9",.0,"9",12.5,"",.0,"9",.0,"9",.0,"9",.0,"9",.0,"9",3.2,"",.0,"9",.0,"9",.0,"9",.0,"9",.0,"9",.0,"9",.0,"9",.0,"9",12.0,"",.0,"9",0,"",0,"","",0,"8",0,"8",0,"8"
"349200660","NOWY S¥CZ","2004","08","20",31.4,"",16.2,"",22.6,"",14.4,"",.6,"","W",0,"9",.0,"9",8.8,"",.9,"",.0,"9",.0,"9",.0,"9",.0,"9",.0,"9",.0,"9",.0,"9",.0,"9",.0,"9",.0,"9",.0,"9",.0,"9",.7,"",9.0,"",.0,"9",0,"",0,"","",0,"8",0,"8",0,"8"
"349200660","NOWY S¥CZ","2004","08","21",21.2,"",15.2,"",17.3,"",13.2,"",7.5,"","W",0,"9",.0,"9",1.8,"",4.8,"",.0,"9",.0,"9",.0,"9",.0,"9",4.8,"",.0,"9",.0,"9",.0,"9",.0,"9",.0,"9",.0,"9",.0,"9",.0,"9",.0,"9",.0,"9",0,"",0,"","",0,"8",0,"8",0,"8"
"349200660","NOWY S¥CZ","2004","08","22",18.4,"",14.3,"",15.7,"",14.0,"",15.0,"","W",0,"9",.0,"9",1.1,"",10.3,"",.0,"9",.0,"9",.0,"9",.0,"9",9.8,"",.0,"9",.0,"9",.0,"9",.0,"9",.0,"9",.0,"9",.0,"9",.0,"9",.0,"9",.0,"9",0,"",0,"","",0,"8",0,"8",0,"8"
"349200660","NOWY S¥CZ","2004","08","23",21.5,"",10.5,"",15.8,"",8.9,"",.0,"9","",0,"9",.0,"9",11.6,"",.0,"9",.0,"9",.0,"9",.0,"9",.0,"9",.0,"9",.0,"9",.0,"9",.0,"9",.0,"9",.0,"9",.0,"9",.0,"9",.0,"9",4.0,"",.0,"9",0,"",0,"","",0,"8",0,"8",0,"8"
"349200660","NOWY S¥CZ","2004","08","24",26.3,"",8.2,"",18.0,"",7.0,"",.3,"","W",0,"9",.0,"9",9.4,"",.3,"",.0,"9",.0,"9",.0,"9",.0,"9",.0,"9",.0,"9",.0,"9",.0,"9",.0,"9",.0,"9",.0,"9",.0,"9",.0,"9",9.0,"",.0,"9",0,"",0,"","",0,"8",0,"8",0,"8"
"349200660","NOWY S¥CZ","2004","08","25",25.5,"",15.5,"",19.5,"",13.4,"",.0,"","W",0,"9",.0,"9",6.9,"",2.2,"",.0,"9",.0,"9",.0,"9",.0,"9",.0,"9",.0,"9",.0,"9",.0,"9",.0,"9",.0,"9",.0,"9",.0,"9",.0,"9",6.0,"",.0,"9",0,"",0,"","",0,"8",0,"8",0,"8"
"349200660","NOWY S¥CZ","2004","08","26",19.5,"",12.0,"",15.6,"",11.4,"",10.4,"","W",0,"9",.0,"9",.0,"9",6.9,"",.0,"9",.0,"9",.0,"9",.0,"9",8.7,"",.0,"9",.0,"9",.0,"9",.0,"9",.0,"9",.0,"9",.0,"9",.0,"9",11.0,"",.0,"9",0,"",0,"","",0,"8",0,"8",0,"8"
"349200660","NOWY S¥CZ","2004","08","27",18.4,"",13.7,"",14.9,"",12.5,"",.1,"","W",0,"9",.0,"9",.3,"",5.8,"",.0,"9",.0,"9",.0,"9",.0,"9",9.0,"",.0,"9",.0,"9",.0,"9",.0,"9",.0,"9",.0,"9",.0,"9",.0,"9",.0,"9",.0,"9",0,"",0,"","",0,"8",0,"8",0,"8"
"349200660","NOWY S¥CZ","2004","08","28",24.8,"",9.0,"",16.8,"",7.4,"",.0,"9","",0,"9",.0,"9",8.9,"",.0,"9",.0,"9",.0,"9",.0,"9",1.1,"",4.8,"",.0,"9",.0,"9",.0,"9",.0,"9",.0,"9",.0,"9",.0,"9",.0,"9",6.0,"",.0,"9",0,"",0,"","",0,"8",0,"8",0,"8"
"349200660","NOWY S¥CZ","2004","08","29",28.5,"",11.9,"",19.3,"",10.2,"",.0,"9","",0,"9",.0,"9",10.9,"",.0,"9",.0,"9",.0,"9",.0,"9",.0,"9",3.1,"",.0,"9",.0,"9",.0,"9",.0,"9",.0,"9",.0,"9",.0,"9",.0,"9",9.0,"",.0,"9",0,"",0,"","",0,"8",0,"8",0,"8"
"349200660","NOWY S¥CZ","2004","08","30",27.5,"",12.7,"",19.6,"",11.4,"",.0,"","W",0,"9",.0,"9",9.6,"",.0,"9",.0,"9",.0,"9",.0,"9",.0,"9",2.3,"",.0,"9",.0,"9",.0,"9",.0,"9",.0,"9",.0,"9",.0,"9",.0,"9",15.0,"",.0,"9",0,"",0,"","",0,"8",0,"8",0,"8"
"349200660","NOWY S¥CZ","2004","08","31",21.8,"",13.2,"",15.0,"",13.0,"",8.0,"","W",0,"9",.0,"9",.0,"9",8.7,"",.0,"9",.0,"9",.0,"9",.0,"9",7.7,"",.0,"9",.0,"9",.0,"9",.0,"9",.0,"9",.0,"9",.0,"9",.0,"9",5.7,"",.0,"9",0,"",0,"","",0,"8",0,"8",0,"8"
"349200660","NOWY S¥CZ","2004","09","01",21.5,"",7.9,"",14.1,"",7.6,"",.0,"9","",0,"9",.0,"9",9.6,"",.0,"9",.0,"9",.0,"9",.0,"9",6.0,"",4.2,"",.0,"9",.0,"9",.0,"9",.0,"9",.0,"9",.0,"9",.0,"9",.0,"9",4.0,"",.0,"9",0,"",0,"","",0,"8",0,"8",0,"8"
"349200660","NOWY S¥CZ","2004","09","02",23.0,"",6.7,"",14.2,"",5.6,"",.0,"9","",0,"9",.0,"9",9.0,"",.0,"9",.0,"9",.0,"9",.0,"9",4.8,"",2.7,"",.0,"9",.0,"9",.0,"9",.0,"9",.0,"9",.0,"9",.0,"9",.0,"9",8.9,"",.0,"9",0,"",0,"","",0,"8",0,"8",0,"8"
"349200660","NOWY S¥CZ","2004","09","03",24.1,"",7.1,"",14.8,"",5.2,"",.0,"9","",0,"9",.0,"9",9.8,"",.0,"9",.0,"9",.0,"9",.0,"9",1.8,"",8.6,"",.0,"9",.0,"9",.0,"9",.0,"9",.0,"9",.0,"9",.0,"9",.0,"9",8.8,"",.0,"9",0,"",0,"","",0,"8",0,"8",0,"8"
"349200660","NOWY S¥CZ","2004","09","04",23.0,"",7.9,"",15.7,"",6.4,"",.0,"","W",0,"9",.0,"9",9.4,"",.0,"9",.0,"9",.0,"9",.0,"9",1.9,"",8.6,"",.0,"9",.0,"9",.0,"9",.0,"9",.0,"9",.0,"9",.0,"9",.0,"9",9.7,"",.0,"9",0,"",0,"","",0,"8",0,"8",0,"8"
"349200660","NOWY S¥CZ","2004","09","05",23.0,"",15.0,"",17.1,"",13.9,"",.0,"9","",0,"9",.0,"9",5.7,"",.6,"",.0,"9",.0,"9",.0,"9",.0,"9",11.2,"",.0,"9",.0,"9",.0,"9",.0,"9",.0,"9",.0,"9",.0,"9",.0,"9",4.7,"",.0,"9",0,"",0,"","",0,"8",0,"8",0,"8"
"349200660","NOWY S¥CZ","2004","09","06",23.7,"",10.2,"",15.8,"",7.6,"",.0,"9","",0,"9",.0,"9",8.4,"",.0,"9",.0,"9",.0,"9",.0,"9",5.3,"",6.8,"",.0,"9",.0,"9",.0,"9",.0,"9",.0,"9",.0,"9",.0,"9",.0,"9",7.5,"",.0,"9",0,"",0,"","",0,"8",0,"8",0,"8"
"349200660","NOWY S¥CZ","2004","09","07",24.1,"",8.8,"",16.0,"",6.9,"",.0,"9","",0,"9",.0,"9",10.0,"",.0,"9",.0,"9",.0,"9",.0,"9",.0,"9",13.2,"",.0,"9",.0,"9",.0,"9",.0,"9",.0,"9",.0,"9",.0,"9",.0,"9",15.0,"",.0,"9",0,"",0,"","",0,"8",0,"8",0,"8"
"349200660","NOWY S¥CZ","2004","09","08",19.2,"",10.9,"",14.5,"",9.2,"",.0,"9","",0,"9",.0,"9",6.1,"",.0,"9",.0,"9",.0,"9",.0,"9",.0,"9",5.2,"",.0,"9",.0,"9",.0,"9",.0,"9",.0,"9",.0,"9",.0,"9",.0,"9",8.0,"",.0,"9",0,"",0,"","",0,"8",0,"8",0,"8"
"349200660","NOWY S¥CZ","2004","09","09",15.0,"",8.2,"",10.4,"",6.0,"",.0,"","W",0,"9",.0,"9",4.9,"",.2,"",.0,"9",.0,"9",.0,"9",.0,"9",.0,"9",.0,"9",.0,"9",.0,"9",.0,"9",.0,"9",.0,"9",.0,"9",.0,"9",.0,"9",.0,"9",0,"",0,"","",0,"8",0,"8",0,"8"
"349200660","NOWY S¥CZ","2004","09","10",18.0,"",7.0,"",11.6,"",5.0,"",.0,"9","",0,"9",.0,"9",10.3,"",.0,"9",.0,"9",.0,"9",.0,"9",.0,"9",2.5,"",.0,"9",.0,"9",.0,"9",.0,"9",.0,"9",.0,"9",.0,"9",.0,"9",5.0,"",.0,"9",0,"",0,"","",0,"8",0,"8",0,"8"
"349200660","NOWY S¥CZ","2004","09","11",24.0,"",3.9,"",13.5,"",1.9,"",.2,"","W",0,"9",.0,"9",10.1,"",.0,"9",.0,"9",.0,"9",.0,"9",1.1,"",3.3,"",.0,"9",.0,"9",.0,"9",.0,"9",.0,"9",.0,"9",.0,"9",.0,"9",3.8,"",.0,"9",0,"",0,"","",0,"8",0,"8",0,"8"
"349200660","NOWY S¥CZ","2004","09","12",24.8,"",11.5,"",17.2,"",9.8,"",.8,"","W",0,"9",.0,"9",8.1,"",2.5,"",.0,"9",.0,"9",.0,"9",.0,"9",.0,"9",.0,"9",.0,"9",.0,"9",.0,"9",.0,"9",.0,"9",.0,"9",.0,"9",1.6,"",.0,"9",0,"",0,"","",0,"8",0,"8",0,"8"
"349200660","NOWY S¥CZ","2004","09","13",22.2,"",12.5,"",16.3,"",12.5,"",.0,"9","",0,"9",.0,"9",5.8,"",2.2,"",.0,"9",.0,"9",.0,"9",.0,"9",4.8,"",.0,"9",.0,"9",.0,"9",.0,"9",.0,"9",.0,"9",.0,"9",.0,"9",6.0,"",.0,"9",0,"",0,"","",0,"8",0,"8",0,"8"
"349200660","NOWY S¥CZ","2004","09","14",26.2,"",8.4,"",17.2,"",5.0,"",.0,"9","",0,"9",.0,"9",10.0,"",.0,"9",.0,"9",.0,"9",.0,"9",.0,"9",4.7,"",.0,"9",.0,"9",.0,"9",.0,"9",.0,"9",.0,"9",.0,"9",.0,"9",17.0,"",.0,"9",0,"",0,"","",0,"8",0,"8",0,"8"
"349200660","NOWY S¥CZ","2004","09","15",25.9,"",13.3,"",16.7,"",10.6,"",7.0,"","W",0,"9",.0,"9",3.6,"",7.4,"",.0,"9",.0,"9",.0,"9",.0,"9",7.7,"",.0,"9",.0,"9",.0,"9",.0,"9",.0,"9",.0,"9",.0,"9",.0,"9",8.0,"",.0,"9",0,"",0,"","",0,"8",0,"8",0,"8"
"349200660","NOWY S¥CZ","2004","09","16",17.0,"",12.1,"",13.7,"",9.6,"",.0,"9","",0,"9",.0,"9",1.5,"",3.7,"",.0,"9",.0,"9",.0,"9",.0,"9",4.0,"",.0,"9",.0,"9",.0,"9",.0,"9",.0,"9",.0,"9",.0,"9",.0,"9",2.0,"",.0,"9",0,"",0,"","",0,"8",0,"8",0,"8"
"349200660","NOWY S¥CZ","2004","09","17",17.1,"",3.7,"",9.5,"",2.2,"",.0,"9","",0,"9",.0,"9",8.3,"",.0,"9",.0,"9",.0,"9",.0,"9",5.1,"",5.4,"",.0,"9",.0,"9",.0,"9",.0,"9",.0,"9",.0,"9",.0,"9",.0,"9",3.4,"",.0,"9",0,"",0,"","",0,"8",0,"8",0,"8"
"349200660","NOWY S¥CZ","2004","09","18",21.2,"",1.9,"",10.5,"",.8,"",.0,"9","",0,"9",.0,"9",9.2,"",.0,"9",.0,"9",.0,"9",.0,"9",7.2,"",1.2,"",.0,"9",.0,"9",.0,"9",.0,"9",.0,"9",.0,"9",.0,"9",.0,"9",5.0,"",.0,"9",0,"",0,"","",0,"8",0,"8",0,"8"
"349200660","NOWY S¥CZ","2004","09","19",22.2,"",4.4,"",12.9,"",2.8,"",.0,"9","",0,"9",.0,"9",9.0,"",.0,"9",.0,"9",.0,"9",.0,"9",.7,"",7.7,"",.0,"9",.0,"9",.0,"9",.0,"9",.0,"9",.0,"9",.0,"9",.0,"9",7.8,"",.0,"9",0,"",0,"","",0,"8",0,"8",0,"8"
"349200660","NOWY S¥CZ","2004","09","20",22.8,"",6.9,"",14.5,"",4.7,"",.0,"9","",0,"9",.0,"9",6.2,"",.0,"9",.0,"9",.0,"9",.0,"9",1.0,"",13.8,"",.0,"9",.0,"9",.0,"9",.0,"9",.0,"9",.0,"9",.0,"9",.0,"9",6.7,"",.0,"9",0,"",0,"","",0,"8",0,"8",0,"8"
"349200660","NOWY S¥CZ","2004","09","21",19.3,"",10.6,"",13.5,"",8.8,"",2.2,"","W",0,"9",.0,"9",.7,"",1.7,"",.0,"9",.0,"9",.0,"9",.0,"9",3.5,"",.0,"9",.0,"9",.0,"9",.0,"9",.0,"9",.0,"9",.0,"9",.0,"9",9.0,"",.0,"9",0,"",0,"","",0,"8",0,"8",0,"8"
"349200660","NOWY S¥CZ","2004","09","22",13.6,"",6.9,"",9.4,"",4.6,"",7.9,"","W",0,"9",.0,"9",2.8,"",3.2,"",.0,"9",.0,"9",.1,"",.0,"9",.0,"9",.0,"9",.0,"9",.0,"9",.0,"9",.0,"9",.0,"9",.0,"9",.0,"9",.0,"9",.0,"9",0,"",0,"","",0,"8",0,"8",0,"8"
"349200660","NOWY S¥CZ","2004","09","23",14.1,"",7.1,"",9.3,"",5.7,"",2.8,"","W",0,"9",.0,"9",1.0,"",10.3,"",.0,"9",.0,"9",.0,"9",.0,"9",.0,"9",.0,"9",.0,"9",.0,"9",.0,"9",.0,"9",.0,"9",.0,"9",.0,"9",.0,"9",.0,"9",0,"",0,"","",0,"8",0,"8",0,"8"
"349200660","NOWY S¥CZ","2004","09","24",13.9,"",8.3,"",10.2,"",8.2,"",.2,"","W",0,"9",.0,"9",.9,"",3.1,"",.0,"9",.0,"9",.0,"9",.0,"9",.8,"",.0,"9",.0,"9",.0,"9",.0,"9",.0,"9",.0,"9",.0,"9",.0,"9",2.0,"",.0,"9",0,"",0,"","",0,"8",0,"8",0,"8"
"349200660","NOWY S¥CZ","2004","09","25",13.6,"",6.6,"",10.0,"",5.7,"",.0,"9","",0,"9",.0,"9",.0,"9",1.2,"",.0,"9",.0,"9",.0,"9",.0,"9",16.2,"",.0,"9",.0,"9",.0,"9",.0,"9",.0,"9",.0,"9",.0,"9",.0,"9",2.3,"",.0,"9",0,"",0,"","",0,"8",0,"8",0,"8"
"349200660","NOWY S¥CZ","2004","09","26",15.0,"",6.4,"",10.2,"",3.9,"",.0,"9","",0,"9",.0,"9",.0,"9",.0,"9",.0,"9",.0,"9",.0,"9",5.1,"",11.2,"",.0,"9",.0,"9",.0,"9",.0,"9",.0,"9",.0,"9",.0,"9",.0,"9",4.8,"",.0,"9",0,"",0,"","",0,"8",0,"8",0,"8"
"349200660","NOWY S¥CZ","2004","09","27",14.1,"",6.8,"",10.1,"",5.1,"",.0,"","W",0,"9",.0,"9",.0,"9",.0,"9",.0,"9",.0,"9",.0,"9",1.3,"",17.2,"",.0,"9",.0,"9",.0,"9",.0,"9",.0,"9",.0,"9",.0,"9",.0,"9",7.0,"",.0,"9",0,"",0,"","",0,"8",0,"8",0,"8"
"349200660","NOWY S¥CZ","2004","09","28",16.4,"",4.9,"",10.8,"",2.6,"",.0,"","W",0,"9",.0,"9",.8,"",.4,"",.0,"9",.0,"9",.0,"9",.0,"9",10.3,"",.0,"9",.0,"9",.0,"9",.0,"9",.0,"9",.0,"9",.0,"9",.0,"9",10.7,"",.0,"9",0,"",0,"","",0,"8",0,"8",0,"8"
"349200660","NOWY S¥CZ","2004","09","29",18.3,"",9.6,"",13.2,"",7.8,"",6.4,"","W",0,"9",.0,"9",.0,"",.0,"9",.0,"9",.0,"9",.0,"9",.0,"9",2.5,"",.0,"9",.0,"9",.0,"9",.0,"9",.0,"9",.0,"9",.0,"9",.0,"9",16.0,"",.0,"9",0,"",0,"","",0,"8",0,"8",0,"8"
"349200660","NOWY S¥CZ","2004","09","30",15.2,"",10.2,"",11.4,"",8.7,"",.1,"","W",0,"9",.0,"9",.6,"",3.9,"",.0,"9",.0,"9",.0,"9",.0,"9",14.3,"",.0,"9",.0,"9",.0,"9",.0,"9",.0,"9",.0,"9",.0,"9",.0,"9",.2,"",.0,"9",0,"",0,"","",0,"8",0,"8",0,"8"
"349200660","NOWY S¥CZ","2004","10","01",12.5,"",10.0,"",11.0,"",9.5,"",.6,"","W",0,"9",.0,"9",.0,"9",1.5,"",.0,"9",.0,"9",.0,"9",.0,"9",4.3,"",.0,"9",.0,"9",.0,"9",.0,"9",.0,"9",.0,"9",.0,"9",.0,"9",.0,"9",.0,"9",0,"",0,"","",0,"8",0,"8",0,"8"
"349200660","NOWY S¥CZ","2004","10","02",16.2,"",7.8,"",10.8,"",6.0,"",.0,"9","",0,"9",.0,"9",.3,"",.0,"9",.0,"9",.0,"9",.0,"9",4.7,"",8.8,"",.0,"9",.0,"9",.0,"9",.0,"9",.0,"9",.0,"9",.0,"9",.0,"9",4.2,"",.0,"9",0,"",0,"","",0,"8",0,"8",0,"8"
"349200660","NOWY S¥CZ","2004","10","03",15.4,"",4.6,"",10.0,"",2.2,"",.1,"","W",0,"9",.0,"9",.0,"9",.4,"",.0,"9",.0,"9",.0,"9",8.7,"",7.7,"",.0,"9",.0,"9",.0,"9",.0,"9",.0,"9",.0,"9",.0,"9",.0,"9",.0,"9",.0,"9",0,"",0,"","",0,"8",0,"8",0,"8"
"349200660","NOWY S¥CZ","2004","10","04",20.3,"",7.4,"",11.8,"",7.2,"",.0,"9","",0,"9",.0,"9",4.9,"",.0,"9",.0,"9",.0,"9",.0,"9",6.8,"",8.7,"",.0,"9",.0,"9",.0,"9",.0,"9",.0,"9",.0,"9",.0,"9",.0,"9",6.0,"",.0,"9",0,"",0,"","",0,"8",0,"8",0,"8"
"349200660","NOWY S¥CZ","2004","10","05",22.9,"",6.6,"",13.8,"",4.5,"",.0,"9","",0,"9",.0,"9",8.5,"",.0,"9",.0,"9",.0,"9",.0,"9",.0,"9",6.5,"",.0,"9",.0,"9",.0,"9",.0,"9",.0,"9",.0,"9",.0,"9",.0,"9",14.0,"",.0,"9",0,"",0,"","",0,"8",0,"8",0,"8"
"349200660","NOWY S¥CZ","2004","10","06",23.7,"",8.6,"",15.1,"",5.6,"",.0,"9","",0,"9",.0,"9",9.3,"",.0,"9",.0,"9",.0,"9",.0,"9",.0,"9",.0,"9",.0,"9",.0,"9",.0,"9",.0,"9",.0,"9",.0,"9",.0,"9",.0,"9",13.0,"",.0,"9",0,"",0,"","",0,"8",0,"8",0,"8"
"349200660","NOWY S¥CZ","2004","10","07",22.3,"",5.9,"",13.9,"",3.9,"",.0,"9","",0,"9",.0,"9",6.9,"",.0,"9",.0,"9",.0,"9",.0,"9",.0,"9",8.8,"",.0,"9",.0,"9",.0,"9",.0,"9",.0,"9",.0,"9",.0,"9",.0,"9",15.0,"",.0,"9",0,"",0,"","",0,"8",0,"8",0,"8"
"349200660","NOWY S¥CZ","2004","10","08",21.8,"",8.9,"",14.3,"",5.8,"",10.8,"","W",0,"9",.0,"9",3.6,"",1.3,"",.0,"9",.0,"9",.0,"9",.0,"9",11.4,"",.0,"9",.0,"9",.0,"9",.0,"9",.0,"9",.0,"9",.0,"9",.0,"9",14.7,"",.0,"9",0,"",0,"","",0,"8",0,"8",0,"8"
"349200660","NOWY S¥CZ","2004","10","09",15.1,"",7.3,"",8.8,"",4.2,"",12.5,"","W",0,"9",.0,"9",.0,"9",11.3,"",.0,"9",.0,"9",.0,"9",6.5,"",10.4,"",.0,"9",.0,"9",.0,"9",.0,"9",.0,"9",.0,"9",.0,"9",.0,"9",.0,"9",.0,"9",0,"",0,"","",0,"8",0,"8",0,"8"
"349200660","NOWY S¥CZ","2004","10","10",10.0,"",5.0,"",7.1,"",3.5,"",.0,"9","",0,"9",.0,"9",1.2,"",.0,"9",.0,"9",.0,"9",.0,"9",6.5,"",9.7,"",.0,"9",.0,"9",.0,"9",.0,"9",.0,"9",.0,"9",.0,"9",.0,"9",5.0,"",.0,"9",0,"",0,"","",0,"8",0,"8",0,"8"
"349200660","NOWY S¥CZ","2004","10","11",6.9,"",2.1,"",4.0,"",.1,"",.0,"","W",0,"9",.0,"9",2.0,"",.1,"",.0,"9",.0,"9",.0,"9",.0,"9",2.5,"",.0,"9",.0,"9",.0,"9",.0,"9",.0,"9",.0,"9",.0,"9",.0,"9",6.6,"",.0,"9",0,"",0,"","",0,"8",0,"8",0,"8"
"349200660","NOWY S¥CZ","2004","10","12",10.6,"",1.2,"",4.6,"",-1.4,"",.0,"9","",0,"9",.0,"9",9.1,"",.0,"9",.0,"9",.0,"9",.0,"9",1.3,"",5.4,"",.0,"9",.0,"9",.0,"9",.0,"9",.0,"9",.0,"9",.0,"9",.0,"9",14.7,"",.0,"9",0,"",0,"","",0,"8",0,"8",0,"8"
"349200660","NOWY S¥CZ","2004","10","13",12.2,"",-2.9,"",4.2,"",-5.8,"",.0,"9","",0,"9",.0,"9",8.2,"",.0,"9",.0,"9",.0,"9",.0,"9",.2,"",5.0,"",.0,"9",.0,"9",.0,"9",.0,"9",.0,"9",.0,"9",.0,"9",.0,"9",7.0,"",.0,"9",0,"",0,"","",0,"8",0,"8",0,"8"
"349200660","NOWY S¥CZ","2004","10","14",12.6,"",3.0,"",8.5,"",-1.0,"",.0,"9","",0,"9",.0,"9",3.2,"",.0,"9",.0,"9",.0,"9",.0,"9",.0,"9",.0,"9",.0,"9",.0,"9",.0,"9",.0,"9",.0,"9",.0,"9",.0,"9",.0,"9",7.0,"",.0,"9",0,"",0,"","",0,"8",0,"8",0,"8"
"349200660","NOWY S¥CZ","2004","10","15",13.4,"",8.7,"",10.5,"",6.9,"",.0,"","W",0,"9",.0,"9",5.3,"",.1,"",.0,"9",.0,"9",.0,"9",.0,"9",.0,"9",.0,"9",.0,"9",.0,"9",.0,"9",.0,"9",.0,"9",.0,"9",.0,"9",.0,"9",.0,"9",0,"",0,"","",0,"8",0,"8",0,"8"
"349200660","NOWY S¥CZ","2004","10","16",15.0,"",9.8,"",13.0,"",8.0,"",1.7,"","W",0,"9",.0,"9",.0,"9",6.3,"",.0,"9",.0,"9",.0,"9",.0,"9",.0,"9",.0,"9",.0,"9",.0,"9",.0,"9",.0,"9",.0,"9",.0,"9",.0,"9",.0,"9",.0,"9",0,"",0,"","",0,"8",0,"8",0,"8"
"349200660","NOWY S¥CZ","2004","10","17",13.3,"",5.8,"",7.7,"",3.8,"",.9,"","W",0,"9",.0,"9",.0,"9",3.2,"",.0,"9",.0,"9",.0,"9",.0,"9",.0,"9",.0,"9",.0,"9",.0,"9",.0,"9",.0,"9",.0,"9",.0,"9",.0,"9",.0,"9",.0,"9",0,"",0,"","",0,"8",0,"8",0,"8"
"349200660","NOWY S¥CZ","2004","10","18",13.6,"",2.6,"",8.1,"",.2,"",.0,"","W",0,"9",.0,"9",3.1,"",.7,"",.0,"9",.0,"9",.0,"9",.0,"9",.0,"9",.0,"9",.0,"9",.0,"9",.0,"9",.0,"9",.0,"9",.0,"9",.0,"9",.0,"9",.0,"9",0,"",0,"","",0,"8",0,"8",0,"8"
"349200660","NOWY S¥CZ","2004","10","19",15.2,"",6.2,"",9.5,"",1.6,"",.0,"9","",0,"9",.0,"9",7.9,"",.0,"9",.0,"9",.0,"9",.0,"9",.0,"9",6.7,"",.0,"9",.0,"9",.0,"9",.0,"9",.0,"9",.0,"9",.0,"9",.0,"9",5.0,"",.0,"9",0,"",0,"","",0,"8",0,"8",0,"8"
"349200660","NOWY S¥CZ","2004","10","20",14.7,"",.6,"",6.6,"",-1.9,"",.3,"","W",0,"9",.0,"9",7.6,"",.0,"9",.0,"9",.0,"9",.0,"9",2.8,"",13.9,"",.0,"9",.0,"9",.0,"9",.0,"9",.0,"9",.0,"9",.0,"9",.0,"9",8.8,"",.0,"9",0,"",0,"","",0,"8",0,"8",0,"8"
"349200660","NOWY S¥CZ","2004","10","21",12.9,"",2.7,"",7.6,"",-.3,"",1.6,"","W",0,"9",.0,"9",1.1,"",7.0,"",.0,"9",.0,"9",.0,"9",5.3,"",13.6,"",.0,"9",.0,"9",.0,"9",.0,"9",.0,"9",.0,"9",.0,"9",.0,"9",3.7,"",.0,"9",0,"",0,"","",0,"8",0,"8",0,"8"
"349200660","NOWY S¥CZ","2004","10","22",18.9,"",4.3,"",11.0,"",2.6,"",.0,"9","",0,"9",.0,"9",5.5,"",.0,"9",.0,"9",.0,"9",.0,"9",7.7,"",9.3,"",.0,"9",.0,"9",.0,"9",.0,"9",.0,"9",.0,"9",.0,"9",.0,"9",.0,"9",.0,"9",0,"",0,"","",0,"8",0,"8",0,"8"
"349200660","NOWY S¥CZ","2004","10","23",21.6,"",10.7,"",14.4,"",9.3,"",.0,"9","",0,"9",.0,"9",6.6,"",.0,"9",.0,"9",.0,"9",.0,"9",.0,"9",4.2,"",.0,"9",.0,"9",.0,"9",.0,"9",.0,"9",.0,"9",.0,"9",.0,"9",5.0,"",.0,"9",0,"",0,"","",0,"8",0,"8",0,"8"
"349200660","NOWY S¥CZ","2004","10","24",18.7,"",10.2,"",12.7,"",6.6,"",.0,"9","",0,"9",.0,"9",5.8,"",.0,"9",.0,"9",.0,"9",.0,"9",.0,"9",.0,"9",.0,"9",.0,"9",.0,"9",.0,"9",.0,"9",.0,"9",.0,"9",.0,"9",18.0,"",.0,"9",0,"",0,"","",0,"8",0,"8",0,"8"
"349200660","NOWY S¥CZ","2004","10","25",21.2,"",6.4,"",12.7,"",3.0,"",.0,"9","",0,"9",.0,"9",8.9,"",.0,"9",.0,"9",.0,"9",.0,"9",.0,"9",1.8,"",.0,"9",.0,"9",.0,"9",.0,"9",.0,"9",.0,"9",.0,"9",.0,"9",17.0,"",.0,"9",0,"",0,"","",0,"8",0,"8",0,"8"
"349200660","NOWY S¥CZ","2004","10","26",20.3,"",4.7,"",11.3,"",1.8,"",.0,"9","",0,"9",.0,"9",6.5,"",.0,"9",.0,"9",.0,"9",.0,"9",3.3,"",12.8,"",.0,"9",.0,"9",.0,"9",.0,"9",.0,"9",.0,"9",.0,"9",.0,"9",9.3,"",.0,"9",0,"",0,"","",0,"8",0,"8",0,"8"
"349200660","NOWY S¥CZ","2004","10","27",21.9,"",5.0,"",11.6,"",2.8,"",.0,"9","",0,"9",.0,"9",5.5,"",.0,"9",.0,"9",.0,"9",.0,"9",5.9,"",13.8,"",.0,"9",.0,"9",.0,"9",.0,"9",.0,"9",.0,"9",.0,"9",.0,"9",7.8,"",.0,"9",0,"",0,"","",0,"8",0,"8",0,"8"
"349200660","NOWY S¥CZ","2004","10","28",21.9,"",10.2,"",15.1,"",8.2,"",.0,"","W",0,"9",.0,"9",6.2,"",.0,"9",.0,"9",.0,"9",.0,"9",1.3,"",8.3,"",.0,"9",.0,"9",.0,"9",.0,"9",.0,"9",.0,"9",.0,"9",.0,"9",6.6,"",.0,"9",0,"",0,"","",0,"8",0,"8",0,"8"
"349200660","NOWY S¥CZ","2004","10","29",22.2,"",14.1,"",18.0,"",9.8,"",.0,"","W",0,"9",.0,"9",4.8,"",.2,"",.0,"9",.0,"9",.0,"9",.0,"9",.0,"9",.0,"9",.0,"9",.0,"9",.0,"9",.0,"9",.0,"9",.0,"9",.0,"9",.0,"9",.0,"9",0,"",0,"","",0,"8",0,"8",0,"8"
"349200660","NOWY S¥CZ","2004","10","30",22.8,"",11.7,"",17.7,"",9.1,"",.0,"","W",0,"9",.0,"9",1.3,"",.1,"",.0,"9",.0,"9",.0,"9",.0,"9",.0,"9",.0,"9",.0,"9",.0,"9",.0,"9",.0,"9",.0,"9",.0,"9",.0,"9",.0,"9",.0,"9",0,"",0,"","",0,"8",0,"8",0,"8"
"349200660","NOWY S¥CZ","2004","10","31",17.1,"",9.6,"",11.7,"",6.4,"",18.4,"","W",0,"9",.0,"9",.0,"",13.0,"",.0,"9",.0,"9",.0,"9",.0,"9",13.8,"",.0,"9",.0,"9",.0,"9",.0,"9",.0,"9",.0,"9",.0,"9",.0,"9",10.9,"",.0,"9",0,"",0,"","",0,"8",0,"8",0,"8"
"349200660","NOWY S¥CZ","2004","11","01",13.2,"",10.0,"",11.1,"",9.4,"",.1,"","W",0,"9",.0,"9",.0,"9",7.8,"",.0,"9",.0,"9",.0,"9",.0,"9",9.7,"",.0,"9",.0,"9",.0,"9",.0,"9",.0,"9",.0,"9",.0,"9",.0,"9",.0,"9",.0,"9",0,"",0,"","",0,"8",0,"8",0,"8"
"349200660","NOWY S¥CZ","2004","11","02",11.7,"",9.7,"",10.4,"",9.2,"",.0,"","W",0,"9",.0,"9",.0,"9",2.6,"",.0,"9",.0,"9",.0,"9",.0,"9",11.3,"",.0,"9",.0,"9",.0,"9",.0,"9",.0,"9",.0,"9",.0,"9",.0,"9",.0,"9",.0,"9",0,"",0,"","",0,"8",0,"8",0,"8"
"349200660","NOWY S¥CZ","2004","11","03",15.8,"",8.9,"",11.3,"",8.5,"",.0,"9","",0,"9",.0,"9",5.7,"",.0,"9",.0,"9",.0,"9",.0,"9",.0,"9",.0,"9",.0,"9",.0,"9",.0,"9",.0,"9",.0,"9",.0,"9",.0,"9",.0,"9",7.0,"",.0,"9",0,"",0,"","",0,"8",0,"8",0,"8"
"349200660","NOWY S¥CZ","2004","11","04",19.3,"",9.4,"",13.5,"",7.5,"",.0,"9","",0,"9",.0,"9",5.2,"",.0,"9",.0,"9",.0,"9",.0,"9",.0,"9",.0,"9",.0,"9",.0,"9",.0,"9",.0,"9",.0,"9",.0,"9",.0,"9",.0,"9",17.0,"",.0,"9",0,"",0,"","",0,"8",0,"8",0,"8"
"349200660","NOWY S¥CZ","2004","11","05",15.6,"",7.2,"",10.9,"",5.0,"",.0,"","W",0,"9",.0,"9",6.0,"",.6,"",.0,"9",.0,"9",.0,"9",.0,"9",9.9,"",.0,"9",.0,"9",.0,"9",.0,"9",.0,"9",.0,"9",.0,"9",.0,"9",12.3,"",.0,"9",0,"",0,"","",0,"8",0,"8",0,"8"
"349200660","NOWY S¥CZ","2004","11","06",11.4,"",3.9,"",6.8,"",1.4,"",2.6,"","S",0,"9",.0,"9",3.4,"",.0,"9",.4,"",.9,"",.0,"9",.0,"9",8.2,"",.0,"9",.0,"9",.0,"9",.0,"9",.0,"9",.0,"9",.0,"9",.0,"9",4.7,"",.0,"9",0,"",0,"","",0,"8",0,"8",0,"8"
"349200660","NOWY S¥CZ","2004","11","07",5.5,"",2.7,"",3.8,"",-.2,"",1.7,"","W",0,"9",.0,"9",.0,"9",6.7,"",.0,"9",2.2,"",.0,"9",.0,"9",17.2,"",.0,"9",.0,"9",.0,"9",.0,"9",.0,"9",.0,"9",.0,"9",.0,"9",.0,"9",.0,"9",0,"",0,"","",0,"8",0,"8",0,"8"
"349200660","NOWY S¥CZ","2004","11","08",4.2,"",1.0,"",2.4,"",.2,"",7.4,"","S",0,"9",.0,"9",.0,"9",8.1,"",.0,"9",4.8,"",.0,"9",.0,"9",22.7,"",.0,"9",.0,"9",.0,"9",.0,"9",.0,"9",.0,"9",.0,"9",.0,"9",.0,"9",.0,"9",0,"",0,"","",0,"8",0,"8",0,"8"
"349200660","NOWY S¥CZ","2004","11","09",10.8,"",.5,"",5.6,"",-.1,"",.2,"","W",0,"9",.0,"9",.6,"",3.9,"",.0,"9",.0,"9",.0,"9",.0,"9",9.7,"",.0,"9",.0,"9",.0,"9",.0,"9",.0,"9",.0,"9",.0,"9",.0,"9",.0,"9",.0,"9",0,"",0,"","",0,"8",0,"8",0,"8"
"349200660","NOWY S¥CZ","2004","11","10",9.5,"",-.3,"",3.9,"",-1.9,"",.0,"9","",0,"9",.0,"9",5.6,"",.0,"9",.0,"9",.0,"9",.0,"9",.0,"9",6.8,"",.0,"9",.0,"9",.0,"9",.0,"9",.0,"9",.0,"9",.0,"9",.0,"9",4.0,"",4.0,"",0,"",0,"","",0,"8",0,"8",0,"8"
"349200660","NOWY S¥CZ","2004","11","11",14.4,"",1.5,"",6.6,"",-.8,"",.0,"9","",0,"9",.0,"9",6.5,"",.0,"9",.0,"9",.0,"9",.0,"9",4.6,"",12.1,"",.0,"9",.0,"9",.0,"9",.0,"9",.0,"9",.0,"9",.0,"9",.0,"9",13.4,"",.0,"9",0,"",0,"","",0,"8",0,"8",0,"8"
"349200660","NOWY S¥CZ","2004","11","12",13.2,"",1.3,"",4.8,"",-.3,"",.0,"9","",0,"9",.0,"9",4.4,"",.0,"9",.0,"9",.0,"9",.0,"9",15.6,"",6.3,"",.0,"9",.0,"9",.0,"9",.0,"9",2.2,"",.0,"9",.0,"9",.0,"9",1.7,"",.0,"9",0,"",0,"","",0,"8",0,"8",0,"8"
"349200660","NOWY S¥CZ","2004","11","13",8.9,"",3.2,"",4.9,"",.4,"",20.3,"","W",0,"9",.0,"9",.0,"9",13.3,"",.0,"9",.0,"9",.0,"9",2.3,"",20.0,"",.0,"9",.0,"9",.0,"9",.0,"9",.0,"9",.0,"9",.0,"9",.0,"9",.0,"9",.0,"9",0,"",0,"","",0,"8",0,"8",0,"8"
"349200660","NOWY S¥CZ","2004","11","14",4.2,"",2.2,"",2.6,"",2.0,"",.0,"","W",0,"9",.0,"9",.3,"",3.3,"",.0,"9",.0,"9",.0,"9",.0,"9",2.5,"",.0,"9",.0,"9",.0,"9",.0,"9",.0,"9",.0,"9",.0,"9",.0,"9",.0,"9",.0,"9",0,"",0,"","",0,"8",0,"8",0,"8"
"349200660","NOWY S¥CZ","2004","11","15",2.9,"",.7,"",1.3,"",.6,"",.0,"","W",0,"9",.0,"9",.0,"9",.8,"",.0,"9",.0,"9",.0,"9",.0,"9",6.2,"",.0,"9",.0,"9",.0,"9",.0,"9",.0,"9",.0,"9",.0,"9",.0,"9",.0,"9",.0,"9",0,"",0,"","",0,"8",0,"8",0,"8"
"349200660","NOWY S¥CZ","2004","11","16",5.4,"",-.6,"",3.3,"",-1.3,"",.8,"","S",0,"9",.0,"9",.0,"9",5.5,"",.0,"9",1.0,"",.0,"9",.0,"9",4.8,"",.0,"9",.0,"9",.0,"9",.0,"9",.0,"9",.0,"9",.0,"9",.0,"9",.0,"9",.0,"9",0,"",0,"","",0,"8",0,"8",0,"8"
"349200660","NOWY S¥CZ","2004","11","17",7.2,"",3.7,"",5.9,"",1.3,"",.3,"","W",0,"9",.0,"9",.0,"9",4.4,"",.0,"9",.9,"",.0,"9",.0,"9",.0,"9",.0,"9",.0,"9",.0,"9",.0,"9",.0,"9",.0,"9",.0,"9",.0,"9",.0,"9",.0,"9",0,"",0,"","",0,"8",0,"8",0,"8"
"349200660","NOWY S¥CZ","2004","11","18",10.4,"",5.7,"",7.6,"",4.9,"",6.1,"","W",0,"9",.0,"9",.0,"9",11.4,"",.0,"9",.0,"9",.0,"9",.0,"9",.0,"9",.0,"9",.0,"9",.0,"9",.0,"9",.0,"9",.3,"",.0,"9",.0,"9",.0,"9",.0,"9",0,"",0,"","",0,"8",0,"8",0,"8"
"349200660","NOWY S¥CZ","2004","11","19",9.9,"",-.9,"",3.2,"",-1.0,"",.8,"","S",0,"9",.0,"9",1.4,"",7.0,"",5.0,"",.0,"9",.0,"9",.0,"9",5.3,"",.0,"9",.0,"9",.0,"9",2.8,"",.0,"9",1.7,"",.5,"",.0,"9",.0,"9",.0,"9",0,"",0,"","",0,"8",0,"8",0,"8"
"349200660","NOWY S¥CZ","2004","11","20",.5,"",-1.6,"",-.9,"",-2.2,"",5.4,"","S",1,"",.0,"9",2.7,"",.0,"9",7.2,"",.0,"9",.0,"9",.0,"9",.0,"9",.0,"9",.0,"9",.0,"9",.0,"9",.0,"9",1.0,"",.0,"9",.0,"9",.0,"9",.0,"9",1,"",0,"","",0,"8",0,"8",0,"8"
"349200660","NOWY S¥CZ","2004","11","21",.4,"",-2.3,"",-1.2,"",-4.6,"",4.8,"","S",12,"",.6,"",2.2,"",.0,"9",13.7,"",.0,"9",.0,"9",.0,"9",14.0,"",.0,"9",.0,"9",.0,"9",.0,"9",.0,"9",.0,"9",.0,"9",.0,"9",.0,"9",.0,"9",1,"",0,"","",0,"8",0,"8",0,"8"
"349200660","NOWY S¥CZ","2004","11","22",.6,"",-11.1,"",-3.1,"",-14.8,"",6.1,"","S",15,"",.7,"",.0,"9",.0,"9",9.0,"",.0,"9",.0,"9",2.8,"",11.5,"",.0,"9",.0,"9",.0,"9",.0,"9",.0,"9",.0,"9",.0,"9",.0,"9",.0,"9",.0,"9",1,"",0,"","",0,"8",0,"8",0,"8"
"349200660","NOWY S¥CZ","2004","11","23",4.2,"",-.3,"",2.4,"",-.4,"",7.8,"","S",10,"",1.5,"",.0,"9",7.7,"",5.3,"",.0,"9",.0,"9",.0,"9",2.2,"",.0,"9",.0,"9",.0,"9",4.4,"",.0,"9",1.3,"",.0,"9",.0,"9",.0,"9",.0,"9",1,"",0,"","",0,"8",0,"8",0,"8"
"349200660","NOWY S¥CZ","2004","11","24",2.1,"",-2.3,"",-1.1,"",-2.6,"",6.2,"","S",7,"",.7,"",.0,"9",.0,"9",22.3,"",.0,"9",.0,"9",.0,"9",2.6,"",.0,"9",.0,"9",.0,"9",20.3,"",.0,"9",4.9,"",.0,"9",.0,"9",.0,"9",.0,"9",1,"",0,"","",0,"8",0,"8",0,"8"
"349200660","NOWY S¥CZ","2004","11","25",1.0,"",-3.3,"",-1.7,"",-3.6,"",.0,"","S",19,"",.9,"",2.4,"",.0,"9",.9,"",.0,"9",.0,"9",.0,"9",7.7,"",.0,"9",.0,"9",.0,"9",.0,"9",.0,"9",.0,"9",.0,"9",.0,"9",.0,"9",.0,"9",1,"",0,"","",0,"8",0,"8",0,"8"
"349200660","NOWY S¥CZ","2004","11","26",4.6,"",-1.7,"",.2,"",-5.2,"",.0,"9","",13,"",2.1,"",4.6,"",.0,"9",.0,"9",.0,"9",.0,"9",.0,"9",9.8,"",.0,"9",.0,"9",.0,"9",.0,"9",.0,"9",.0,"9",.0,"9",.0,"9",.0,"9",.0,"9",1,"",0,"","",0,"8",0,"8",0,"8"
"349200660","NOWY S¥CZ","2004","11","27",3.9,"",-6.1,"",-.6,"",-9.1,"",.4,"","S",12,"",1.6,"",.0,"9",3.5,"",.2,"",.0,"9",.0,"9",.0,"9",22.2,"",.0,"9",.0,"9",.0,"9",.0,"9",.0,"9",.0,"9",.0,"9",.0,"9",.0,"9",.0,"9",1,"",0,"","",0,"8",0,"8",0,"8"
"349200660","NOWY S¥CZ","2004","11","28",5.6,"",1.9,"",3.4,"",1.0,"",.0,"","W",6,"",1.5,"",.0,"9",.3,"",.0,"9",.0,"9",.0,"9",.0,"9",8.7,"",.0,"9",.0,"9",.0,"9",.0,"9",.0,"9",.0,"9",.0,"9",.0,"9",.0,"9",.0,"9",1,"",0,"","",0,"8",0,"8",0,"8"
"349200660","NOWY S¥CZ","2004","11","29",3.0,"",-.9,"",1.4,"",-2.0,"",1.0,"","W",5,"",2.2,"",.0,"9",6.8,"",.0,"9",.0,"9",.0,"9",5.2,"",18.8,"",.0,"9",.0,"9",.0,"9",.0,"9",.0,"9",.0,"9",.0,"9",.0,"9",.0,"9",.0,"9",1,"",0,"","",0,"8",0,"8",0,"8"
"349200660","NOWY S¥CZ","2004","11","30",5.6,"",.3,"",1.9,"",-2.5,"",.0,"9","",3,"",.0,"9",1.8,"",.0,"9",.0,"9",.0,"9",.0,"9",9.7,"",12.7,"",.0,"9",.0,"9",.0,"9",.0,"9",.0,"9",.0,"9",.0,"9",.0,"9",.0,"9",.0,"9",1,"",0,"","",0,"8",0,"8",0,"8"
"349200660","NOWY S¥CZ","2004","12","01",11.1,"",-3.0,"",4.7,"",-5.1,"",.0,"9","",0,"9",.0,"9",4.5,"",.0,"9",.0,"9",.0,"9",.0,"9",.3,"",6.0,"",.0,"9",.0,"9",.0,"9",.0,"9",.0,"9",.0,"9",.0,"9",.0,"9",.0,"9",.0,"9",0,"",0,"","",0,"8",0,"8",0,"8"
"349200660","NOWY S¥CZ","2004","12","02",12.0,"",2.6,"",5.9,"",.1,"",.0,"9","",0,"9",.0,"9",4.4,"",.0,"9",.0,"9",.0,"9",.0,"9",1.7,"",4.3,"",.0,"9",.0,"9",.0,"9",.0,"9",.0,"9",.0,"9",.0,"9",.0,"9",1.8,"",.0,"9",0,"",0,"","",0,"8",0,"8",0,"8"
"349200660","NOWY S¥CZ","2004","12","03",5.0,"",1.4,"",3.2,"",-1.5,"",.0,"9","",0,"9",.0,"9",.0,"9",.0,"9",.0,"9",.0,"9",.0,"9",.0,"9",24.0,"",.0,"9",.0,"9",.0,"9",.0,"9",.0,"9",.0,"9",.0,"9",.0,"9",5.0,"",.0,"9",0,"",0,"","",0,"8",0,"8",0,"8"
"349200660","NOWY S¥CZ","2004","12","04",5.7,"",-.3,"",2.0,"",-3.0,"",.0,"9","",0,"9",.0,"9",.5,"",.0,"9",.0,"9",.0,"9",.0,"9",.0,"9",11.2,"",.0,"9",.0,"9",.0,"9",.0,"9",.0,"9",.0,"9",.0,"9",.0,"9",9.0,"",2.0,"",0,"",0,"","",0,"8",0,"8",0,"8"
"349200660","NOWY S¥CZ","2004","12","05",6.9,"",-4.7,"",-.5,"",-8.1,"",.0,"","S",0,"9",.0,"9",5.9,"",.0,"9",.0,"9",.0,"9",.0,"9",.0,"9",18.6,"",.0,"9",.0,"9",.0,"9",.0,"9",.0,"9",.0,"9",.0,"9",.0,"9",.0,"9",14.0,"",0,"",0,"","",0,"8",0,"8",0,"8"
"349200660","NOWY S¥CZ","2004","12","06",4.9,"",-3.6,"",1.7,"",-5.8,"",.0,"","S",0,"9",.0,"9",.0,"9",1.2,"",1.9,"",.0,"9",.0,"9",.0,"9",8.5,"",.0,"9",.0,"9",.0,"9",.0,"9",.0,"9",.0,"9",.0,"9",.0,"9",.0,"9",4.8,"",0,"",0,"","",0,"8",0,"8",0,"8"
"349200660","NOWY S¥CZ","2004","12","07",6.6,"",-.3,"",2.2,"",-2.8,"",.0,"9","",0,"9",.0,"9",3.6,"",.0,"9",.0,"9",.0,"9",.0,"9",.0,"9",7.5,"",.0,"9",.0,"9",.0,"9",.0,"9",.0,"9",.0,"9",.0,"9",.0,"9",2.0,"",4.0,"",0,"",0,"","",0,"8",0,"8",0,"8"
"349200660","NOWY S¥CZ","2004","12","08",4.9,"",-3.2,"",.7,"",-5.4,"",.0,"9","",0,"9",.0,"9",2.2,"",.0,"9",.0,"9",.0,"9",.0,"9",.0,"9",13.3,"",.0,"9",.0,"9",.0,"9",.0,"9",.0,"9",.0,"9",.0,"9",.0,"9",.0,"9",9.0,"",0,"",0,"","",0,"8",0,"8",0,"8"
"349200660","NOWY S¥CZ","2004","12","09",4.3,"",1.5,"",2.6,"",-.3,"",.0,"9","",0,"9",.0,"9",1.1,"",.0,"9",.0,"9",.0,"9",.0,"9",.0,"9",8.3,"",.0,"9",.0,"9",.0,"9",.0,"9",.0,"9",.0,"9",.0,"9",.0,"9",.0,"9",.0,"9",0,"",0,"","",0,"8",0,"8",0,"8"
"349200660","NOWY S¥CZ","2004","12","10",1.6,"",-2.2,"",-.4,"",-4.2,"",.0,"9","",0,"9",.0,"9",2.3,"",.0,"9",.0,"9",.0,"9",.0,"9",.0,"9",15.2,"",.0,"9",.0,"9",.0,"9",.0,"9",.0,"9",.0,"9",.0,"9",.0,"9",.0,"9",2.0,"",0,"",0,"","",0,"8",0,"8",0,"8"
"349200660","NOWY S¥CZ","2004","12","11",3.6,"",-4.6,"",-2.0,"",-6.4,"",.0,"9","",0,"9",.0,"9",5.6,"",.0,"9",.0,"9",.0,"9",.0,"9",.0,"9",20.8,"",.0,"9",.0,"9",.0,"9",.0,"9",3.2,"",.0,"9",.0,"9",.0,"9",.0,"9",18.0,"",0,"",0,"","",0,"8",0,"8",0,"8"
"349200660","NOWY S¥CZ","2004","12","12",.2,"",-6.0,"",-2.4,"",-7.7,"",.0,"","S",0,"9",.0,"9",.0,"9",.0,"9",.2,"",.0,"9",.0,"9",.0,"9",24.0,"",.0,"9",.0,"9",.0,"9",.0,"9",.0,"9",.0,"9",.0,"9",.0,"9",.0,"9",9.0,"",0,"",0,"","",0,"8",0,"8",0,"8"
"349200660","NOWY S¥CZ","2004","12","13",.7,"",-.3,"",.2,"",-.6,"",.0,"9","",0,"9",.0,"9",.0,"9",.0,"9",.0,"9",.0,"9",.0,"9",.0,"9",24.0,"",.0,"9",.0,"9",.0,"9",.0,"9",.0,"9",.0,"9",.0,"9",.0,"9",.0,"9",.0,"9",0,"",0,"","",0,"8",0,"8",0,"8"
"349200660","NOWY S¥CZ","2004","12","14",1.6,"",-3.0,"",-1.1,"",-5.6,"",.0,"9","",0,"9",.0,"9",4.3,"",.0,"9",.0,"9",.0,"9",.0,"9",.0,"9",16.3,"",.0,"9",.0,"9",.0,"9",.0,"9",2.9,"",.0,"9",.0,"9",.0,"9",.0,"9",5.0,"",0,"",0,"","",0,"8",0,"8",0,"8"
"349200660","NOWY S¥CZ","2004","12","15",.6,"",-6.8,"",-3.7,"",-10.0,"",.0,"9","",0,"9",.0,"9",5.4,"",.0,"9",.0,"9",.0,"9",.0,"9",.0,"9",6.9,"",.0,"9",.0,"9",.0,"9",.0,"9",.0,"9",.0,"9",.0,"9",.0,"9",.0,"9",16.0,"",0,"",0,"","",0,"8",0,"8",0,"8"
"349200660","NOWY S¥CZ","2004","12","16",.1,"",-7.3,"",-4.1,"",-8.9,"",.0,"9","",0,"9",.0,"9",6.2,"",.0,"9",.0,"9",.0,"9",.0,"9",.0,"9",2.8,"",.0,"9",.0,"9",.0,"9",.0,"9",.0,"9",.0,"9",.0,"9",.0,"9",.0,"9",11.0,"",0,"",0,"","",0,"8",0,"8",0,"8"
"349200660","NOWY S¥CZ","2004","12","17",2.2,"",-4.6,"",-.2,"",-6.8,"",.0,"","S",0,"9",.0,"9",.0,"9",.8,"",1.4,"",.0,"9",.0,"9",.0,"9",.0,"9",.0,"9",.0,"9",.0,"9",.0,"9",.0,"9",.0,"9",.0,"9",.0,"9",.0,"9",3.0,"",0,"",0,"","",0,"8",0,"8",0,"8"
"349200660","NOWY S¥CZ","2004","12","18",4.4,"",-2.6,"",1.1,"",-4.4,"",.0,"","S",0,"9",.0,"9",.0,"9",.7,"",.0,"9",5.1,"",.0,"9",.0,"9",1.2,"",.0,"9",.0,"9",.0,"9",.0,"9",.0,"9",.0,"9",.0,"9",.0,"9",.0,"9",9.0,"",0,"",0,"","",0,"8",0,"8",0,"8"
"349200660","NOWY S¥CZ","2004","12","19",5.3,"",-2.9,"",.6,"",-6.7,"",1.9,"","S",0,"9",.0,"9",6.5,"",.0,"9",5.9,"",.0,"9",.0,"9",.0,"9",7.5,"",.0,"9",.0,"9",.0,"9",.0,"9",.0,"9",.0,"9",.0,"9",.0,"9",.0,"9",.0,"9",0,"",0,"","",0,"8",0,"8",0,"8"
"349200660","NOWY S¥CZ","2004","12","20",1.4,"",-2.8,"",-.8,"",-6.2,"",.0,"","S",5,"",.4,"",5.3,"",.0,"9",8.2,"",.0,"9",.0,"9",.0,"9",1.3,"",.0,"9",.0,"9",.0,"9",.0,"9",.0,"9",.0,"9",.0,"9",.0,"9",.0,"9",.0,"9",1,"",0,"","",0,"8",0,"8",0,"8"
"349200660","NOWY S¥CZ","2004","12","21",2.4,"",-3.2,"",-.7,"",-8.0,"",.0,"","S",4,"",.0,"9",.3,"",.3,"",.7,"",.3,"",.0,"9",.8,"",16.5,"",.0,"9",.0,"9",.0,"9",.0,"9",.0,"9",.0,"9",.0,"9",.0,"9",.0,"9",.0,"9",1,"",0,"","",0,"8",0,"8",0,"8"
"349200660","NOWY S¥CZ","2004","12","22",-.2,"",-10.5,"",-6.2,"",-15.0,"",.0,"9","",2,"",.0,"9",5.9,"",.0,"9",.0,"9",.0,"9",.0,"9",.0,"9",22.9,"",.0,"9",.0,"9",.0,"9",.0,"9",1.1,"",.0,"9",.0,"9",.0,"9",.0,"9",.0,"9",1,"",0,"","",0,"8",0,"8",0,"8"
"349200660","NOWY S¥CZ","2004","12","23",2.0,"",-8.7,"",-.9,"",-11.6,"",1.3,"","S",2,"",.0,"9",.3,"",1.5,"",5.6,"",.0,"9",.0,"9",.0,"9",3.0,"",.0,"9",.0,"9",.0,"9",.0,"9",2.2,"",.0,"9",.0,"9",.0,"9",.0,"9",.0,"9",1,"",0,"","",0,"8",0,"8",0,"8"
"349200660","NOWY S¥CZ","2004","12","24",7.6,"",.8,"",5.0,"",.0,"",.0,"","W",2,"",.0,"9",.2,"",1.0,"",.0,"9",.0,"9",.0,"9",.0,"9",.0,"9",.0,"9",.0,"9",.0,"9",.0,"9",.0,"9",.3,"",.0,"9",.0,"9",.0,"9",.0,"9",1,"",0,"","",0,"8",0,"8",0,"8"
"349200660","NOWY S¥CZ","2004","12","25",10.8,"",.9,"",6.1,"",-1.0,"",.0,"9","",0,"9",.0,"9",3.5,"",.0,"9",.0,"9",.0,"9",.0,"9",.0,"9",.0,"9",.0,"9",.0,"9",.0,"9",.0,"9",.0,"9",.0,"9",.0,"9",.0,"9",.0,"9",.0,"9",0,"",0,"","",0,"8",0,"8",0,"8"
"349200660","NOWY S¥CZ","2004","12","26",9.5,"",1.2,"",6.2,"",-.2,"",.0,"9","",0,"9",.0,"9",.0,"9",.0,"9",.0,"9",.0,"9",.0,"9",.0,"9",.0,"9",.0,"9",.0,"9",.0,"9",.0,"9",.0,"9",.0,"9",.0,"9",.0,"9",.0,"9",.0,"9",0,"",0,"","",0,"8",0,"8",0,"8"
"349200660","NOWY S¥CZ","2004","12","27",10.2,"",4.6,"",6.8,"",1.2,"",2.9,"","W",0,"9",.0,"9",.0,"",5.6,"",.0,"9",.0,"9",.0,"9",.0,"9",5.3,"",.0,"9",.0,"9",.0,"9",.0,"9",.0,"9",.0,"9",.0,"9",.0,"9",.0,"9",.0,"9",0,"",0,"","",0,"8",0,"8",0,"8"
"349200660","NOWY S¥CZ","2004","12","28",4.9,"",.6,"",1.9,"",-1.0,"",.0,"9","",0,"9",.0,"9",.2,"",.0,"9",.0,"9",.0,"9",.0,"9",.0,"9",10.0,"",.0,"9",.0,"9",.0,"9",.0,"9",.0,"9",.0,"9",.0,"9",.0,"9",5.0,"",.0,"9",0,"",0,"","",0,"8",0,"8",0,"8"
"349200660","NOWY S¥CZ","2004","12","29",2.1,"",-2.0,"",.2,"",-3.8,"",.1,"","S",0,"9",.0,"9",.0,"9",.0,"9",2.2,"",.0,"9",.0,"9",4.9,"",19.1,"",.0,"9",.0,"9",.0,"9",.0,"9",.0,"9",.0,"9",.0,"9",.0,"9",5.8,"",.0,"9",0,"",0,"","",0,"8",0,"8",0,"8"
"349200660","NOWY S¥CZ","2004","12","30",1.7,"",.4,"",.8,"",-.2,"",.3,"","W",0,"9",.0,"9",.0,"9",5.8,"",.0,"9",.0,"9",.0,"9",3.2,"",20.8,"",.0,"9",.0,"9",.0,"9",.0,"9",.0,"9",.0,"9",.0,"9",.0,"9",.0,"9",.0,"9",0,"",0,"","",0,"8",0,"8",0,"8"
"349200660","NOWY S¥CZ","2004","12","31",3.8,"",-3.1,"",.2,"",-5.0,"",.2,"","S",0,"9",.0,"9",.0,"9",.0,"9",2.5,"",.3,"",.0,"9",.8,"",14.1,"",.0,"9",.0,"9",.0,"9",.0,"9",.0,"9",.0,"9",.0,"9",.0,"9",.0,"9",7.9,"",0,"",0,"","",0,"8",0,"8",0,"8"
